"year","sim","eastings_mean","eastings_sd","northings_mean","northings_sd","area_occupied_mean","area_occupied_2.5","area_occupied_97.5","mahalanobis_binom_mean","mahalanobis_binom_sd","mahalanobis_gamma_mean","mahalanobis_gamma_sd"
1970,"hindcast",865.338607825105,8.05376281796249,6543.74063341371,11.0229528615333,0.640471512770137,0.585461689587426,0.669941060903733,0.00972127332995139,0,2.11043734786741,2.11043734786741
1971,"hindcast",885.689213786366,11.1417700010368,6510.00313648741,14.5649481251678,0.636542239685658,0.585461689587426,0.667976424361493,0.812379541399473,0,2.82062911196777,2.82062911196777
1972,"hindcast",886.690329204335,11.5459924764374,6497.6855646296,15.1710160517861,0.636542239685658,0.585461689587426,0.667976424361493,1.56282360107966,0,3.60015891802991,3.60015891802991
1973,"hindcast",871.911666437413,8.7007555933448,6534.98838768525,11.4797753868552,0.638506876227898,0.585461689587426,0.669941060903733,0.00981319975317199,0,2.11978242184684,2.11978242184684
1974,"hindcast",862.099698463872,9.26151497317985,6537.74955726275,12.3791726359814,0.638506876227898,0.585461689587426,0.669941060903733,0.0325622857819552,0,2.3575786403835,2.3575786403835
1975,"hindcast",883.016460648248,11.1658131187444,6506.03804259478,14.7700477471706,0.636542239685658,0.585461689587426,0.667976424361493,1.0592885067335,0,3.16209062915474,3.16209062915474
1976,"hindcast",881.16119327538,11.9611461125223,6505.9683247273,16.1993800236954,0.636542239685658,0.585461689587426,0.667976424361493,1.42085135157034,0,3.42429371667736,3.42429371667736
1977,"hindcast",860.281922860188,7.8737634589058,6547.29332799412,10.6430094725307,0.640471512770137,0.587426326129666,0.669941060903733,0.0461673964186129,0,2.09043096114361,2.09043096114361
1978,"hindcast",824.690873735367,5.34328420676002,6615.67663102296,8.72311240026512,0.644400785854617,0.595284872298625,0.677799607072692,1.92984254950647,0,3.88740749982806,3.88740749982806
1979,"hindcast",794.12195869451,7.14059473129074,6670.18227452537,12.5751870099372,0.652259332023576,0.597249508840864,0.705304518664047,4.30636229466359,0,6.25875566022543,6.25875566022543
1980,"hindcast",837.980539004512,6.14331972902077,6590.83000985942,9.21061538766438,0.640471512770137,0.591355599214145,0.673870333988212,1.13131556304522,0,3.26781486673588,3.26781486673588
1981,"hindcast",832.325009054065,6.11809179162418,6595.61015673139,11.6406587764562,0.642436149312377,0.591355599214145,0.675834970530452,1.41974282705503,0,3.73038961061496,3.73038961061496
1982,"hindcast",850.649212422184,6.83592089812754,6562.35821901225,9.36593318698416,0.640471512770137,0.587426326129666,0.671905697445973,0.221519752430352,0,1.99052643309006,1.99052643309006
1983,"hindcast",845.86909936721,6.48038939434631,6576.82667290962,9.20541889078947,0.640471512770137,0.589390962671906,0.673870333988212,0.671526631278781,0,2.78675450230198,2.78675450230198
1984,"hindcast",876.831425265999,9.51911100285881,6524.84686452631,12.6553190041274,0.638506876227898,0.585461689587426,0.669941060903733,0.102383107936376,0,2.46895546018979,2.46895546018979
1985,"hindcast",872.197357355142,9.74455020447114,6525.2650770737,13.1159294281456,0.638506876227898,0.585461689587426,0.669941060903733,0.244409431812296,0,2.10063546724544,2.10063546724544
1986,"hindcast",874.29113819167,9.08828231719659,6532.78351214523,12.0756240158545,0.638506876227898,0.585461689587426,0.669941060903733,0.0247106877515789,0,2.22546439265997,2.22546439265997
1987,"hindcast",845.819251395028,6.48698914731037,6575.8170690188,9.93395550480338,0.640471512770137,0.587426326129666,0.671905697445973,0.527732075615029,0,2.39955146476702,2.39955146476702
1988,"hindcast",858.425175034377,7.48102979800897,6546.66411707758,10.4333471652635,0.640471512770137,0.587426326129666,0.669941060903733,0.0367151971368652,0,2.04590947092093,2.04590947092093
1989,"hindcast",823.927074097461,6.0851081755917,6615.11497903858,10.3087145655108,0.644400785854617,0.595284872298625,0.677799607072692,1.99499134638662,0,3.78664241730009,3.78664241730009
1990,"hindcast",845.880830368897,6.28352937742984,6571.12274869864,9.42687542687211,0.640471512770137,0.587426326129666,0.671905697445973,0.527732075615029,0,2.60200286358266,2.60200286358266
1991,"hindcast",860.519365115639,7.41419140761012,6546.61970508896,10.039266241219,0.640471512770137,0.587426326129666,0.669941060903733,0.0512990538089899,0,2.24160590384145,2.24160590384145
1992,"hindcast",880.055505787808,10.9867976032487,6512.10774366352,14.5170602497996,0.636542239685658,0.585461689587426,0.667976424361493,0.833473951810284,0,2.80494885747783,2.80494885747783
1993,"hindcast",831.962956160927,5.67194723018059,6599.27078350007,9.53235200287375,0.644400785854617,0.591355599214145,0.675834970530452,1.44758571841757,0,3.73407945287557,3.73407945287557
1994,"hindcast",860.991399098249,7.46685685657821,6549.161716903,10.9189042449126,0.640471512770137,0.587426326129666,0.669941060903733,0.109650702807469,0,2.59683936914324,2.59683936914324
1995,"hindcast",879.064809686771,10.3674404357374,6506.71157032942,13.4813399693206,0.636542239685658,0.585461689587426,0.667976424361493,0.833473951810284,0,2.77485488966056,2.77485488966056
1996,"hindcast",856.573957000098,7.0291838664768,6551.46510937317,9.99794567099274,0.640471512770137,0.587426326129666,0.669941060903733,0.102085698920074,0,1.88082871423522,1.88082871423522
1997,"hindcast",875.151313202344,10.066207284258,6510.2703990908,13.3183235637243,0.636542239685658,0.585461689587426,0.667976424361493,0.598185567858675,0,2.51761461786766,2.51761461786766
1998,"hindcast",840.420714301702,5.81049525115397,6584.89464070367,8.86212063935414,0.640471512770137,0.591355599214145,0.673870333988212,0.875603290828646,0,2.6643510855924,2.6643510855924
1999,"hindcast",883.182522277306,12.0693275737077,6493.01615020492,16.5861289818632,0.636542239685658,0.585461689587426,0.667976424361493,2.0625572674538,0,3.91763216618164,3.91763216618164
2000,"hindcast",868.288688684956,8.61612947993756,6523.984811202,11.677068118299,0.638506876227898,0.585461689587426,0.669941060903733,0.117805117290807,0,1.93106445670882,1.93106445670882
2001,"hindcast",856.276515629098,7.23887754977325,6552.56603661039,10.3928849017174,0.640471512770137,0.587426326129666,0.669941060903733,0.0810129182559031,0,1.83007372563951,1.83007372563951
2002,"hindcast",855.635267846233,6.83807077157686,6553.33867734016,9.99031815036092,0.640471512770137,0.587426326129666,0.669941060903733,0.133967945467663,0,1.95495130201865,1.95495130201865
2003,"hindcast",846.54249725292,6.1457458886649,6576.53540414775,8.88472359118817,0.640471512770137,0.589390962671906,0.673870333988212,0.652606010405305,0,2.59807058197506,2.59807058197506
2004,"hindcast",859.101459760783,7.09883507283613,6548.74659248648,9.88160325908461,0.640471512770137,0.587426326129666,0.669941060903733,0.102085698920074,0,2.02773695554041,2.02773695554041
2005,"hindcast",853.766145118804,6.55122094441829,6556.38361214342,9.65988747661923,0.640471512770137,0.587426326129666,0.671905697445973,0.232599590146771,0,2.15045032951222,2.15045032951222
2006,"hindcast",881.10459885172,10.3894565350828,6507.35078482494,14.041423467397,0.636542239685658,0.585461689587426,0.667976424361493,0.730705618086246,0,2.51592802621221,2.51592802621221
2007,"hindcast",881.840836205486,12.270641256421,6493.55327083513,16.3200201762747,0.636542239685658,0.583497053045187,0.666011787819253,2.59391903085252,0,4.4200477657432,4.4200477657432
2008,"hindcast",888.153319725488,12.3229955517089,6487.33155509624,16.7873762032479,0.636542239685658,0.583497053045187,0.666011787819253,2.55660231046159,0,4.33654966648053,4.33654966648053
2009,"hindcast",887.410802365341,11.9880228877136,6493.14565478262,15.2900628670983,0.636542239685658,0.583497053045187,0.667976424361493,2.26780193332224,0,4.25166174471517,4.25166174471517
2010,"hindcast",883.057407340362,12.250450334677,6496.58253669005,15.9623559680295,0.636542239685658,0.583497053045187,0.667976424361493,2.26780193332224,0,4.1876785393232,4.1876785393232
2011,"hindcast",870.011558644257,10.2350686275017,6516.68163873472,13.6270375289802,0.636542239685658,0.585461689587426,0.669941060903733,0.495141454864975,0,2.44122400896307,2.44122400896307
2012,"hindcast",885.162263899531,12.5453701476182,6491.63054896949,16.6358590375681,0.636542239685658,0.583497053045187,0.666011787819253,3.14474215879071,0,5.10386704856392,5.10386704856392
2013,"hindcast",884.743664823091,11.5391529892458,6499.25223068545,14.8374464236163,0.636542239685658,0.585461689587426,0.667976424361493,1.59202916648053,0,3.50082043898549,3.50082043898549
2014,"hindcast",852.144384220031,6.46634065082757,6561.48513620645,9.50375170142707,0.640471512770137,0.587426326129666,0.671905697445973,0.304756424938329,0,2.26622051818092,2.26622051818092
2015,"hindcast",851.792190993974,6.86296262021583,6563.38225104488,9.44089796677311,0.640471512770137,0.587426326129666,0.671905697445973,0.255570381078616,0,2.19146015554523,2.19146015554523
2016,"hindcast",839.408060487173,6.56311877964476,6586.21342621355,10.2110676043069,0.640471512770137,0.591355599214145,0.673870333988212,0.919663084734642,0,3.27651336571912,3.27651336571912
2017,"hindcast",867.538543992836,9.02053066113473,6523.19887226612,12.0659134432784,0.638506876227898,0.585461689587426,0.669941060903733,0.125921679717525,0,2.35690896672569,2.35690896672569
2018,"hindcast",788.759264789167,6.45650486229322,6683.64416812831,8.16418397158924,0.662082514734774,0.595284872298625,0.719056974459725,4.55102176634705,0,6.21078628320956,6.21078628320956
2019,"hindcast",826.303712782428,6.10201724899941,6607.8683341228,11.0136386938241,0.644400785854617,0.595284872298625,0.677799607072692,1.86577523995833,0,4.07312529720234,4.07312529720234
2020,"SSP126 MIROC",870.418054949002,8.76638853713664,6536.03527113036,11.8427583018982,0.638506876227898,0.585461689587426,0.669941060903733,0.0285013008502661,0,2.00896610386379,2.00896610386379
2021,"SSP126 MIROC",873.330960127213,10.1668311907412,6515.3480402339,13.4941230251805,0.636542239685658,0.585461689587426,0.667976424361493,0.598185567858675,0,2.55537717797861,2.55537717797861
2022,"SSP126 MIROC",878.265812137291,9.98385663938902,6516.09505573948,13.6123106932877,0.636542239685658,0.585461689587426,0.669941060903733,0.431852816195881,0,2.24883354776561,2.24883354776561
2023,"SSP126 MIROC",879.777683277792,10.6949681781506,6507.99392814961,14.0717470809903,0.636542239685658,0.585461689587426,0.667976424361493,0.94300158135937,0,2.77365532480351,2.77365532480351
2024,"SSP126 MIROC",843.26744410609,5.75485401093355,6583.04179511783,8.86941001180795,0.640471512770137,0.589390962671906,0.673870333988212,0.770185313141189,0,2.84456759135402,2.84456759135402
2025,"SSP126 MIROC",838.478724509262,6.31314317172943,6585.32039307041,9.32042350334874,0.640471512770137,0.591355599214145,0.673870333988212,0.897498001865144,0,3.07421260843744,3.07421260843744
2026,"SSP126 MIROC",860.35106957247,7.51638945646593,6543.67838707916,10.2138468522186,0.640471512770137,0.587426326129666,0.669941060903733,0.0148475232836682,0,2.02282032712878,2.02282032712878
2027,"SSP126 MIROC",867.926077700006,9.58683135484718,6528.44916389351,12.968614227712,0.638506876227898,0.585461689587426,0.669941060903733,0.190308028028607,0,2.12736647855343,2.12736647855343
2028,"SSP126 MIROC",836.050388157084,5.44491518304823,6597.6954276644,8.53687051600491,0.640471512770137,0.591355599214145,0.673870333988212,1.36486815982896,0,3.46822606127876,3.46822606127876
2029,"SSP126 MIROC",811.36989304716,5.89796777903363,6644.09128734584,10.5425125890479,0.644400785854617,0.597249508840864,0.683693516699411,2.6299974482483,0,4.43581714126857,4.43581714126857
2030,"SSP126 MIROC",869.668736011157,9.09118989962489,6531.04461884133,12.1793032109002,0.638506876227898,0.585461689587426,0.669941060903733,0.0626060038651309,0,2.22886122590977,2.22886122590977
2031,"SSP126 MIROC",862.746667698454,8.10101331757107,6535.70214684683,10.6607448397059,0.638506876227898,0.585461689587426,0.669941060903733,0.0122519536868495,0,1.90176137455576,1.90176137455576
2032,"SSP126 MIROC",870.980819000803,9.31216568707923,6523.26411397787,12.6511710287357,0.638506876227898,0.585461689587426,0.669941060903733,0.211137474043077,0,2.08411422036761,2.08411422036761
2033,"SSP126 MIROC",848.473455083373,6.24394209172983,6570.89362698724,9.27906382173477,0.640471512770137,0.587426326129666,0.671905697445973,0.386646645717957,0,2.42117151834032,2.42117151834032
2034,"SSP126 MIROC",828.090699508291,4.8777119917693,6610.79009329301,8.1851833062455,0.644400785854617,0.593320235756385,0.675834970530452,1.62032087508585,0,3.49544219673983,3.49544219673983
2035,"SSP126 MIROC",873.553008090817,10.1918931718697,6515.88553124786,13.7571420874351,0.636542239685658,0.585461689587426,0.667976424361493,0.562756042862101,0,2.29187653865582,2.29187653865582
2036,"SSP126 MIROC",859.735970872568,7.72137401406148,6543.43394663425,10.3900909542528,0.640471512770137,0.585461689587426,0.669941060903733,0.00405968714689076,0,1.90878088543386,1.90878088543386
2037,"SSP126 MIROC",859.333411800039,8.10636008786657,6545.38192394063,10.8384097182516,0.640471512770137,0.585461689587426,0.669941060903733,0.00405968714689076,0,1.88683919798433,1.88683919798433
2038,"SSP126 MIROC",852.55709152749,6.75040261248757,6563.28286951378,9.76782895823911,0.640471512770137,0.587426326129666,0.671905697445973,0.304756424938329,0,2.28563973918517,2.28563973918517
2039,"SSP126 MIROC",872.810896979316,9.12482606282035,6526.94392498554,12.2297894861476,0.638506876227898,0.585461689587426,0.669941060903733,0.109958926697091,0,2.0623342148888,2.0623342148888
2040,"SSP126 MIROC",878.728565633914,11.4903622716485,6505.47633835349,15.1590668657084,0.636542239685658,0.585461689587426,0.667976424361493,1.36595505459763,0,3.23734645265002,3.23734645265002
2041,"SSP126 MIROC",876.324784602177,11.1363917872703,6506.63533957106,14.3562616456119,0.636542239685658,0.585461689587426,0.667976424361493,1.53388840751179,0,3.50952228974236,3.50952228974236
2042,"SSP126 MIROC",865.925442782984,8.27316629213125,6535.67419007046,11.3512623580322,0.638506876227898,0.585461689587426,0.669941060903733,0.00167500757981361,0,2.15117691381152,2.15117691381152
2043,"SSP126 MIROC",844.323571032815,6.39528868315309,6577.51800160103,9.01395846469766,0.640471512770137,0.589390962671906,0.673870333988212,0.562058483532956,0,2.54791564970009,2.54791564970009
2044,"SSP126 MIROC",874.719526377026,9.63009732144094,6524.85996592541,12.9401877448017,0.638506876227898,0.585461689587426,0.669941060903733,0.211137474043077,0,2.07456400715123,2.07456400715123
2045,"SSP126 MIROC",859.697694672495,8.47415636183085,6539.51555657326,11.3109624718469,0.638506876227898,0.585461689587426,0.669941060903733,0.0149610794535289,0,1.9954281954377,1.9954281954377
2046,"SSP126 MIROC",853.438951384615,6.98208660308449,6564.40680976851,9.7659672590429,0.640471512770137,0.587426326129666,0.671905697445973,0.267461334294041,0,2.1722984550079,2.1722984550079
2047,"SSP126 MIROC",842.303285906043,5.63562325573134,6585.41261153645,8.66930328348912,0.640471512770137,0.591355599214145,0.673870333988212,0.853978951625151,0,2.87077142671967,2.87077142671967
2048,"SSP126 MIROC",865.764499421464,8.13255283960427,6538.97053556454,10.8848482252084,0.638506876227898,0.585461689587426,0.669941060903733,0.00167500757981361,0,1.99770270753683,1.99770270753683
2049,"SSP126 MIROC",866.083203543873,9.04341157819469,6533.41844624039,12.5824790934723,0.638506876227898,0.585461689587426,0.669941060903733,0.0880425859139535,0,1.76520062360238,1.76520062360238
2050,"SSP126 MIROC",829.97554806543,5.81127614396865,6611.14284818493,8.96100440084141,0.644400785854617,0.595284872298625,0.677799607072692,1.8976737088159,0,3.9677520085783,3.9677520085783
2051,"SSP126 MIROC",833.490135458819,5.30199944386361,6600.2757259644,8.29431189723157,0.640471512770137,0.591355599214145,0.673870333988212,1.20673308214278,0,2.91435938188449,2.91435938188449
2052,"SSP126 MIROC",842.700504727871,6.15136996321824,6581.42890191187,8.89949526542473,0.640471512770137,0.589390962671906,0.673870333988212,0.61557588415736,0,2.43780632974384,2.43780632974384
2053,"SSP126 MIROC",869.592182742039,9.36918524633746,6524.03457055906,12.5351794381016,0.638506876227898,0.585461689587426,0.669941060903733,0.244409431812296,0,2.34408273246122,2.34408273246122
2054,"SSP126 MIROC",862.746793594747,7.86067960610329,6545.9919786682,10.3414524301394,0.640471512770137,0.587426326129666,0.669941060903733,0.0413061108612381,0,2.21728034739394,2.21728034739394
2055,"SSP126 MIROC",848.483538516099,6.14529138075426,6573.2998497644,9.14776062610924,0.640471512770137,0.589390962671906,0.671905697445973,0.544760093657492,0,2.57213355704827,2.57213355704827
2056,"SSP126 MIROC",854.668970396358,6.72366873134448,6560.08207922812,9.74154401864735,0.640471512770137,0.587426326129666,0.671905697445973,0.330971677866197,0,2.72398517488742,2.72398517488742
2057,"SSP126 MIROC",839.135990148822,5.82765868498256,6588.9103995266,8.724520493982,0.640471512770137,0.591355599214145,0.673870333988212,1.01102713454266,0,3.20119697399869,3.20119697399869
2058,"SSP126 MIROC",808.219847500967,5.52790554119423,6652.20715604168,10.2094811620507,0.646365422396857,0.597249508840864,0.68762278978389,3.18445437362204,0,5.41389967968738,5.41389967968738
2059,"SSP126 MIROC",827.731431278568,5.59959844139429,6616.18118349277,9.05637831189149,0.644400785854617,0.595284872298625,0.677799607072692,2.16259484566452,0,4.52726515370607,4.52726515370607
2060,"SSP126 MIROC",844.531638718297,5.90128981781969,6578.86209001622,9.12712343186271,0.640471512770137,0.589390962671906,0.673870333988212,0.671526631278781,0,2.81896303945696,2.81896303945696
2061,"SSP126 MIROC",843.801748900044,5.71775647745498,6579.63162880257,8.6731485584068,0.640471512770137,0.589390962671906,0.673870333988212,0.633955761364832,0,2.80005977371544,2.80005977371544
2062,"SSP126 MIROC",815.174181861279,5.79384531092845,6642.71835588487,8.14027721551904,0.646365422396857,0.595284872298625,0.68762278978389,2.98035067688887,0,5.17248278462612,5.17248278462612
2063,"SSP126 MIROC",848.191872504709,6.44585477017533,6573.347497357,9.26934686443603,0.640471512770137,0.587426326129666,0.671905697445973,0.446647562897747,0,2.58936784166901,2.58936784166901
2064,"SSP126 MIROC",865.18817648118,8.35675058590952,6541.68305615057,11.4727832906893,0.638506876227898,0.585461689587426,0.669941060903733,0.00276190234848143,0,2.06278183012888,2.06278183012888
2065,"SSP126 MIROC",877.983236757325,12.0406476206419,6508.08910231807,15.7551167770885,0.636542239685658,0.585461689587426,0.667976424361493,1.56282360107966,0,3.60478220798295,3.60478220798295
2066,"SSP126 MIROC",874.54708343901,9.43157628503484,6521.50006532488,12.7148418765712,0.638506876227898,0.585461689587426,0.669941060903733,0.256040828068039,0,2.24394052785986,2.24394052785986
2067,"SSP126 MIROC",825.242576142136,5.18090924654935,6619.91445582639,9.10003984304588,0.644400785854617,0.595284872298625,0.677799607072692,2.0279713025762,0,4.39602361935155,4.39602361935155
2068,"SSP126 MIROC",863.707004845185,8.24513165099889,6540.66664739817,11.2052087848005,0.640471512770137,0.585461689587426,0.669941060903733,0.000296111231503728,0,2.14691677620428,2.14691677620428
2069,"SSP126 MIROC",843.81800934363,6.05305585610157,6580.74086626006,8.99887484125192,0.640471512770137,0.589390962671906,0.673870333988212,0.710178988524739,0,2.70804607164748,2.70804607164748
2070,"SSP126 MIROC",874.767301036068,10.044875175536,6517.35728835716,13.0635404502795,0.636542239685658,0.585461689587426,0.669941060903733,0.462956391864424,0,2.68951489280503,2.68951489280503
2071,"SSP126 MIROC",837.013736642828,5.73564766410674,6592.92474546459,8.74193295880559,0.640471512770137,0.591355599214145,0.673870333988212,1.05833139044468,0,3.08599095516537,3.08599095516537
2072,"SSP126 MIROC",867.052225864728,8.55409653306667,6532.72292384405,11.830365627019,0.638506876227898,0.585461689587426,0.669941060903733,0.0285013008502661,0,2.16599639940061,2.16599639940061
2073,"SSP126 MIROC",838.503165011047,5.71365439551025,6589.37765282183,8.99113880059893,0.640471512770137,0.591355599214145,0.673870333988212,1.03454407657717,0,3.21183835956826,3.21183835956826
2074,"SSP126 MIROC",850.131852796497,6.43768429935651,6568.14667682705,9.34366720205847,0.640471512770137,0.587426326129666,0.671905697445973,0.317728865485762,0,2.21437744676628,2.21437744676628
2075,"SSP126 MIROC",816.93154407874,5.12529431510445,6636.30037966844,8.60352507262822,0.646365422396857,0.595284872298625,0.68565815324165,2.74434851129814,0,4.82040540877681,4.82040540877681
2076,"SSP126 MIROC",874.104792913241,9.25609586504097,6521.98529188586,12.520971996976,0.638506876227898,0.585461689587426,0.669941060903733,0.190308028028607,0,2.04410539282278,2.04410539282278
2077,"SSP126 MIROC",876.157418508964,9.33743904325401,6516.10352314946,12.21649430415,0.638506876227898,0.585461689587426,0.669941060903733,0.256040828068039,0,2.43439697186424,2.43439697186424
2078,"SSP126 MIROC",827.071938512474,5.46790716468894,6616.07090692758,9.17858126971302,0.644400785854617,0.595284872298625,0.677799607072692,2.0279713025762,0,4.24319560859593,4.24319560859593
2079,"SSP126 MIROC",815.652231109328,4.53689547003211,6636.42616193899,8.30157461060182,0.644400785854617,0.595284872298625,0.683693516699411,2.66784409743191,0,4.58780198022856,4.58780198022856
2080,"SSP126 MIROC",864.030744340762,8.72478317360689,6537.33863175535,11.6543578263705,0.638506876227898,0.585461689587426,0.669941060903733,0.0414953711443394,0,2.01491579815031,2.01491579815031
2081,"SSP126 MIROC",865.402849733522,8.41631836698485,6534.39271938058,11.1900366829793,0.638506876227898,0.585461689587426,0.669941060903733,0.0211904464858937,0,2.11238613276933,2.11238613276933
2082,"SSP126 MIROC",833.038015599048,5.5143985247635,6603.1061571343,9.15402583037668,0.640471512770137,0.591355599214145,0.673870333988212,1.33783638396542,0,3.32396834735312,3.32396834735312
2083,"SSP126 MIROC",860.52979537917,7.51697204718792,6547.56164794581,10.2991190908038,0.640471512770137,0.587426326129666,0.669941060903733,0.0413061108612381,0,2.05088566250677,2.05088566250677
2084,"SSP126 MIROC",870.424901354923,9.22620427238186,6527.69244849676,12.6718395654886,0.638506876227898,0.585461689587426,0.669941060903733,0.200587565119341,0,2.18673377020325,2.18673377020325
2085,"SSP126 MIROC",875.899704468603,10.1533271892738,6517.88134480502,13.4418619246165,0.636542239685658,0.585461689587426,0.667976424361493,0.598185567858675,0,2.68171482741129,2.68171482741129
2086,"SSP126 MIROC",874.280702155669,9.99503403239808,6520.66516284809,13.4686310270847,0.638506876227898,0.585461689587426,0.669941060903733,0.401830727859346,0,2.29818186417579,2.29818186417579
2087,"SSP126 MIROC",874.688201014304,9.88213697720218,6522.58545925962,13.5011639472529,0.638506876227898,0.585461689587426,0.669941060903733,0.305270131421032,0,2.09735785022781,2.09735785022781
2088,"SSP126 MIROC",863.656967688958,8.38762721652598,6539.57264411904,11.5996200615417,0.638506876227898,0.585461689587426,0.669941060903733,0.0149610794535289,0,1.86432951255646,1.86432951255646
2089,"SSP126 MIROC",877.231547882503,10.5284263739123,6513.0754172136,14.0990717548028,0.636542239685658,0.585461689587426,0.667976424361493,0.771001836076855,0,2.66706837499639,2.66706837499639
2090,"SSP126 MIROC",845.059399162506,6.15749941187877,6576.76040545612,9.5660263381759,0.640471512770137,0.589390962671906,0.673870333988212,0.770185313141189,0,3.1677284603997,3.1677284603997
2091,"SSP126 MIROC",834.160029111049,5.28602320540442,6599.67240582812,8.5132046268827,0.640471512770137,0.591355599214145,0.675834970530452,1.39217030752549,0,3.43276961242241,3.43276961242241
2092,"SSP126 MIROC",863.301907461378,9.75174039598109,6535.15103330125,12.4096183993359,0.638506876227898,0.585461689587426,0.669941060903733,0.170560069346145,0,2.18228030766146,2.18228030766146
2093,"SSP126 MIROC",875.452188502418,10.4240030615163,6514.37499817288,13.6222802047048,0.636542239685658,0.585461689587426,0.667976424361493,0.653357644101051,0,2.69408639406522,2.69408639406522
2094,"SSP126 MIROC",857.707989665341,7.2477152013336,6553.6913654088,10.5832197925995,0.640471512770137,0.587426326129666,0.669941060903733,0.0810129182559031,0,1.93971436561695,1.93971436561695
2020,"SSP585 MIROC",833.596948019638,5.09522100708149,6602.89994714565,8.40043696606761,0.644400785854617,0.591355599214145,0.675834970530452,1.44758571841757,0,3.48488730686998,3.48488730686998
2021,"SSP585 MIROC",831.018034874181,6.18782196137663,6605.31979639485,9.7752910877614,0.640471512770137,0.591355599214145,0.673870333988212,1.33783638396542,0,3.5296336486976,3.5296336486976
2022,"SSP585 MIROC",827.845454113532,6.65581990259729,6611.13008850299,9.42077429551874,0.644400785854617,0.593320235756385,0.675834970530452,1.50408261664166,0,3.52338271206208,3.52338271206208
2023,"SSP585 MIROC",834.194481186627,6.96361368640718,6593.55912061993,9.30399663526656,0.640471512770137,0.591355599214145,0.673870333988212,0.897498001865144,0,3.06946752119233,3.06946752119233
2024,"SSP585 MIROC",860.923413220168,7.85994927923237,6541.23056839968,10.9290374719106,0.640471512770137,0.585461689587426,0.669941060903733,3.65542718218618e-05,0,1.87476337240255,1.87476337240255
2025,"SSP585 MIROC",832.91500486861,5.54198741035585,6607.06315839167,8.34998851497923,0.644400785854617,0.593320235756385,0.675834970530452,1.62032087508585,0,3.63809872054693,3.63809872054693
2026,"SSP585 MIROC",872.105919128084,10.0040562248702,6520.71184555203,13.570947617913,0.638506876227898,0.585461689587426,0.669941060903733,0.401830727859346,0,2.24554003731161,2.24554003731161
2027,"SSP585 MIROC",844.645717653396,5.76937740947362,6580.00914536995,8.92995625249613,0.640471512770137,0.589390962671906,0.673870333988212,0.690717623985259,0,2.75573798404027,2.75573798404027
2028,"SSP585 MIROC",873.728819861017,8.96762811896989,6521.88985947623,12.1215173248082,0.638506876227898,0.585461689587426,0.669941060903733,0.161091647754418,0,2.19050583985887,2.19050583985887
2029,"SSP585 MIROC",868.099981985272,9.25701447776133,6529.98461423302,12.4854004661253,0.638506876227898,0.585461689587426,0.669941060903733,0.109958926697091,0,2.10507755954287,2.10507755954287
2030,"SSP585 MIROC",860.624100264529,8.12620245082624,6547.13080476232,10.9711557329292,0.640471512770137,0.587426326129666,0.669941060903733,0.0283444851871251,0,2.27472579471479,2.27472579471479
2031,"SSP585 MIROC",863.41549200836,8.39245922939135,6533.17618392898,11.1959811850092,0.638506876227898,0.585461689587426,0.669941060903733,0.05692278793543,0,2.2440416842495,2.2440416842495
2032,"SSP585 MIROC",846.080249802302,6.14598748100328,6577.10492717082,9.29759942320686,0.640471512770137,0.589390962671906,0.673870333988212,0.749912833102704,0,3.11394845235969,3.11394845235969
2033,"SSP585 MIROC",868.887379369955,8.81002531820448,6528.61505244709,12.047259089832,0.638506876227898,0.585461689587426,0.669941060903733,0.0812778826522449,0,2.11770645023599,2.11770645023599
2034,"SSP585 MIROC",881.650320810186,11.3713670234368,6506.65487797898,15.0755111397479,0.636542239685658,0.585461689587426,0.667976424361493,1.03549037799267,0,2.9648390264507,2.9648390264507
2035,"SSP585 MIROC",859.105937112149,7.49298495080343,6553.44731228748,10.8230854589524,0.640471512770137,0.587426326129666,0.669941060903733,0.0461673964186129,0,1.81583135297794,1.81583135297794
2036,"SSP585 MIROC",868.07966962235,9.13767952030681,6531.50718645383,12.623552837221,0.638506876227898,0.585461689587426,0.669941060903733,0.0950776610086639,0,1.96389080421956,1.96389080421956
2037,"SSP585 MIROC",872.25221955087,9.8130720998588,6517.97233212563,13.2260173854093,0.638506876227898,0.585461689587426,0.669941060903733,0.401830727859346,0,2.28441804383557,2.28441804383557
2038,"SSP585 MIROC",803.54608703179,5.26657554040059,6659.26268041835,8.60925338379846,0.648330058939096,0.597249508840864,0.695481335952849,3.65727522773917,0,5.79101248030705,5.79101248030705
2039,"SSP585 MIROC",834.271782660634,5.63460626363621,6599.54346678636,9.1660205176933,0.640471512770137,0.591355599214145,0.673870333988212,1.31107497993489,0,3.53213359570422,3.53213359570422
2040,"SSP585 MIROC",855.355036637721,6.93448347246003,6560.60376931115,9.5830148517217,0.640471512770137,0.587426326129666,0.671905697445973,0.279622659342469,0,2.4705152613788,2.4705152613788
2041,"SSP585 MIROC",863.002513260182,9.18137555945425,6532.59275996255,12.0383235205469,0.638506876227898,0.585461689587426,0.669941060903733,0.117805117290807,0,2.22342825423956,2.22342825423956
2042,"SSP585 MIROC",856.592979297453,7.39901599766322,6555.59642150637,10.3649536789562,0.640471512770137,0.587426326129666,0.671905697445973,0.151531299739469,0,2.37090252513863,2.37090252513863
2043,"SSP585 MIROC",847.397984116366,6.23702621530656,6571.58053784822,9.20264746407779,0.640471512770137,0.589390962671906,0.671905697445973,0.544760093657492,0,2.85420686475629,2.85420686475629
2044,"SSP585 MIROC",848.495298880229,6.40033437150805,6568.80454526077,9.46422496858239,0.640471512770137,0.587426326129666,0.671905697445973,0.372322346005514,0,2.32980992095274,2.32980992095274
2045,"SSP585 MIROC",831.480752326008,5.18347503115008,6603.99986557029,8.43535327447804,0.644400785854617,0.591355599214145,0.675834970530452,1.44758571841757,0,3.45917324228699,3.45917324228699
2046,"SSP585 MIROC",874.354009084822,10.7489472329173,6517.31912901486,13.8437551939211,0.636542239685658,0.585461689587426,0.667976424361493,0.653357644101051,0,2.66394618682896,2.66394618682896
2047,"SSP585 MIROC",867.155900750588,8.22101946789959,6537.93583920904,11.0649679897376,0.638506876227898,0.585461689587426,0.669941060903733,0.00167500757981361,0,2.04987421568425,2.04987421568425
2048,"SSP585 MIROC",838.883631400449,5.59833702883809,6590.7497902011,8.91669411773987,0.640471512770137,0.591355599214145,0.673870333988212,1.01102713454266,0,3.17512186078723,3.17512186078723
2049,"SSP585 MIROC",811.681985870364,5.33897101010514,6647.16019948811,10.2487255619044,0.646365422396857,0.595284872298625,0.68762278978389,2.98035067688887,0,5.30940992752262,5.30940992752262
2050,"SSP585 MIROC",807.226775321874,5.76937202067023,6655.28822780995,11.9944483539494,0.646365422396857,0.597249508840864,0.68762278978389,3.06118104008313,0,5.16746484479677,5.16746484479677
2051,"SSP585 MIROC",844.017917741846,5.96977349795312,6580.85522970806,8.76622791353804,0.640471512770137,0.589390962671906,0.673870333988212,0.72991072489722,0,2.89354656410951,2.89354656410951
2052,"SSP585 MIROC",819.129670570543,5.01035400754302,6631.71428793723,9.95649108076867,0.644400785854617,0.595284872298625,0.677799607072692,2.2315288482067,0,4.16944426517802,4.16944426517802
2053,"SSP585 MIROC",816.475425390773,4.65212470896318,6629.92160395882,8.42226620543373,0.644400785854617,0.595284872298625,0.679764243614931,2.33695764076748,0,4.30986993625652,4.30986993625652
2054,"SSP585 MIROC",864.887252752189,8.12749916468344,6541.59489074347,10.7292736242911,0.640471512770137,0.585461689587426,0.669941060903733,0.000312333541483835,0,1.96299485754074,1.96299485754074
2055,"SSP585 MIROC",871.462163387443,9.91095937237603,6518.750423201,12.8817618023317,0.638506876227898,0.585461689587426,0.669941060903733,0.416706586111112,0,2.63493541536645,2.63493541536645
2056,"SSP585 MIROC",857.61941671241,7.03173244391801,6552.56757229693,9.98605860890532,0.640471512770137,0.587426326129666,0.669941060903733,0.094791066865682,0,2.00963185054563,2.00963185054563
2057,"SSP585 MIROC",825.745931788307,5.2418807906013,6615.86315719909,9.14481757824562,0.644400785854617,0.595284872298625,0.677799607072692,1.99499134638662,0,4.27022501818858,4.27022501818858
2058,"SSP585 MIROC",870.56320823275,9.60469789133338,6525.70676041829,12.5268999858863,0.638506876227898,0.585461689587426,0.669941060903733,0.170560069346145,0,2.58534798114785,2.58534798114785
2059,"SSP585 MIROC",857.061320864141,7.16241392928882,6552.5222664523,10.0602818422657,0.640471512770137,0.587426326129666,0.669941060903733,0.109650702807469,0,2.31397728725032,2.31397728725032
2060,"SSP585 MIROC",835.252394498066,5.92121547631797,6599.59499787987,9.03572637974789,0.644400785854617,0.591355599214145,0.675834970530452,1.44758571841757,0,3.86211072438729,3.86211072438729
2061,"SSP585 MIROC",841.567717676231,5.9671429818603,6585.85039039153,9.0580438594543,0.640471512770137,0.591355599214145,0.673870333988212,1.01102713454266,0,3.26637606724232,3.26637606724232
2062,"SSP585 MIROC",844.682695340039,6.14057690310303,6577.4668473966,9.00100955714941,0.640471512770137,0.589390962671906,0.673870333988212,0.562058483532956,0,2.51477628476503,2.51477628476503
2063,"SSP585 MIROC",820.039977036675,5.39514781279924,6627.38748077294,10.4574525045005,0.644400785854617,0.597249508840864,0.679764243614931,2.48131456984387,0,5.2824067512555,5.2824067512555
2064,"SSP585 MIROC",835.46365296682,6.35914528114513,6594.50422724174,9.44200789974268,0.640471512770137,0.591355599214145,0.673870333988212,1.08238907614519,0,3.31793642194665,3.31793642194665
2065,"SSP585 MIROC",810.820757991141,6.39192106461368,6642.38503644398,10.9376540237785,0.646365422396857,0.595284872298625,0.68565815324165,2.74434851129814,0,5.36617942731817,5.36617942731817
2066,"SSP585 MIROC",824.595234103729,5.22051028612912,6614.97908142917,7.91321556496509,0.644400785854617,0.593320235756385,0.675834970530452,1.68006223530596,0,3.72508522163969,3.72508522163969
2067,"SSP585 MIROC",841.073808742423,5.67320454711915,6583.94716361535,8.70978757213901,0.640471512770137,0.591355599214145,0.673870333988212,0.811541388717167,0,2.81869789738189,2.81869789738189
2068,"SSP585 MIROC",846.615224494948,6.39193168429889,6575.02843788626,9.27924242751173,0.640471512770137,0.587426326129666,0.671905697445973,0.510974429405569,0,2.49361077159391,2.49361077159391
2069,"SSP585 MIROC",784.501410535735,6.08102419456004,6687.66265505225,10.233759394494,0.664047151277014,0.591355599214145,0.724950884086444,4.65077815785144,0,7.00520439270803,7.00520439270803
2070,"SSP585 MIROC",814.958980133751,5.12440069876455,6638.43141092215,8.78705759419407,0.644400785854617,0.597249508840864,0.683693516699411,2.6299974482483,0,4.71313489758625,4.71313489758625
2071,"SSP585 MIROC",824.501566493071,5.49024099529302,6616.94636103713,9.65884169275291,0.644400785854617,0.595284872298625,0.677799607072692,1.8976737088159,0,4.3529132645017,4.3529132645017
2072,"SSP585 MIROC",851.245195663212,6.62267435906337,6566.00107014727,9.38177243787207,0.640471512770137,0.587426326129666,0.671905697445973,0.317728865485762,0,2.46878431416868,2.46878431416868
2073,"SSP585 MIROC",817.104094649202,5.07968590337028,6634.31041034078,8.85418362500085,0.646365422396857,0.595284872298625,0.68565815324165,2.70596111844852,0,4.93549691657795,4.93549691657795
2074,"SSP585 MIROC",823.40784855674,4.85353607384968,6623.28922535087,8.66904634769449,0.644400785854617,0.595284872298625,0.677799607072692,2.16259484566452,0,4.33519916430477,4.33519916430477
2075,"SSP585 MIROC",807.287225716806,5.92608590140629,6649.38127244455,9.16629388173351,0.646365422396857,0.595284872298625,0.68762278978389,2.861132920845,0,4.76330278768974,4.76330278768974
2076,"SSP585 MIROC",816.716421865716,4.82146702539456,6633.48059851869,8.10060432400235,0.644400785854617,0.597249508840864,0.683693516699411,2.59242117089769,0,4.56204976245961,4.56204976245961
2077,"SSP585 MIROC",808.40726045695,5.37809112305713,6650.11136705799,9.52330178182337,0.646365422396857,0.597249508840864,0.68762278978389,3.18445437362204,0,5.41614116242003,5.41614116242003
2078,"SSP585 MIROC",804.667413302214,6.68442560856936,6659.25254210121,11.983078441801,0.646365422396857,0.597249508840864,0.691552062868369,3.4383010801909,0,6.30857002598822,6.30857002598822
2079,"SSP585 MIROC",807.622294110536,5.38408728778342,6651.44629314706,9.30849603169877,0.646365422396857,0.597249508840864,0.68762278978389,3.0206306725695,0,5.44535453489381,5.44535453489381
2080,"SSP585 MIROC",802.279572276486,5.4864483881427,6660.33526974448,9.78912354260668,0.646365422396857,0.597249508840864,0.691552062868369,3.39531736618025,0,5.55257996464462,5.55257996464462
2081,"SSP585 MIROC",812.92704777226,5.25078014587709,6637.78385553743,9.01920994847977,0.646365422396857,0.595284872298625,0.68762278978389,2.94034105304125,0,5.30959618818075,5.30959618818075
2082,"SSP585 MIROC",818.59325656804,5.59101483709575,6630.4402542517,10.8838482052964,0.644400785854617,0.597249508840864,0.681728880157171,2.55511526538008,0,5.31950474198587,5.31950474198587
2083,"SSP585 MIROC",790.92580649025,6.14708577773591,6677.89543749684,11.4756807022477,0.652259332023576,0.597249508840864,0.703339882121807,4.16281107364954,0,7.17908570855491,7.17908570855491
2084,"SSP585 MIROC",831.804166852153,5.13272092767614,6605.63220538938,8.12657686745229,0.644400785854617,0.593320235756385,0.675834970530452,1.47569898161311,0,3.57480289691588,3.57480289691588
2085,"SSP585 MIROC",822.759390260428,4.82326880419735,6622.46881629831,8.22627122323543,0.644400785854617,0.595284872298625,0.677799607072692,2.16259484566452,0,4.24783608809235,4.24783608809235
2086,"SSP585 MIROC",801.5632785809,5.59327958233622,6661.43404993546,10.5513953057147,0.648330058939096,0.597249508840864,0.695481335952849,3.61293965456351,0,6.08293142004651,6.08293142004651
2087,"SSP585 MIROC",835.773068303053,6.54152413966264,6598.46845679338,11.2207714761285,0.644400785854617,0.593320235756385,0.675834970530452,1.5327366235032,0,4.3750261292229,4.3750261292229
2088,"SSP585 MIROC",796.019283216249,5.61194347971936,6671.23011764201,9.76589622377382,0.648330058939096,0.597249508840864,0.699410609037328,3.88300867111249,0,6.06944201137083,6.06944201137083
2089,"SSP585 MIROC",766.847679270296,8.80721370919263,6717.53905453684,9.19348253388071,0.68762278978389,0.55992141453831,0.781925343811395,5.65240305782709,0,7.72197526801518,7.72197526801518
2090,"SSP585 MIROC",823.930634408547,5.57230949310153,6619.01135649407,9.34941735434359,0.644400785854617,0.595284872298625,0.679764243614931,2.26640140722729,0,4.53913605164922,4.53913605164922
2091,"SSP585 MIROC",790.615587869198,5.18190620767198,6679.36529622034,8.41405106497377,0.652259332023576,0.597249508840864,0.705304518664047,4.25824151582591,0,6.40414766478003,6.40414766478003
2092,"SSP585 MIROC",781.256539534735,6.84779936929886,6697.20897214633,8.6599738952421,0.666011787819253,0.585461689587426,0.738703339882122,4.95653625635668,0,7.35213705453246,7.35213705453246
2093,"SSP585 MIROC",763.40738209829,9.76378022947744,6722.27596215102,8.87507870338884,0.693516699410609,0.532416502946955,0.803536345776031,5.87570856214005,0,8.20693459794981,8.20693459794981
2094,"SSP585 MIROC",773.814658461246,7.48547189904937,6705.51108004919,7.95371843234897,0.671905697445973,0.571709233791749,0.754420432220039,5.27202774084998,0,7.15879450635845,7.15879450635845
2020,"SSP126 CESM",808.232570152305,4.98487351138748,6643.81820468282,9.83734018236671,0.646365422396857,0.597249508840864,0.68762278978389,3.10200177942977,0,4.90713748520192,4.90713748520192
2021,"SSP126 CESM",817.355813729308,5.57974129916083,6629.86171638719,8.64991233665269,0.644400785854617,0.595284872298625,0.679764243614931,2.33695764076748,0,4.1629942358331,4.1629942358331
2022,"SSP126 CESM",779.886616923089,6.04355124634274,6692.66347590218,8.84383199843213,0.666011787819253,0.585461689587426,0.736738703339882,4.90490064368997,0,6.84491743675007,6.84491743675007
2023,"SSP126 CESM",815.889609949393,5.0228517117713,6635.22357861976,8.26000603292561,0.644400785854617,0.597249508840864,0.683693516699411,2.6299974482483,0,4.2711092705315,4.2711092705315
2024,"SSP126 CESM",804.875805478783,5.11324061340991,6653.67257975669,9.25135868611026,0.646365422396857,0.597249508840864,0.691552062868369,3.39531736618025,0,5.02807756261794,5.02807756261794
2025,"SSP126 CESM",823.242053964114,5.44660766611599,6620.45528703564,8.44258464276461,0.644400785854617,0.595284872298625,0.677799607072692,1.8976737088159,0,3.71856714006957,3.71856714006957
2026,"SSP126 CESM",817.156582502908,5.45606974333222,6626.11751359228,9.70105869379489,0.644400785854617,0.595284872298625,0.679764243614931,2.33695764076748,0,4.58746014165535,4.58746014165535
2027,"SSP126 CESM",863.690186922409,7.59909544088456,6539.90135053152,10.639602363581,0.640471512770137,0.587426326129666,0.669941060903733,0.0210552605693928,0,2.10286026792586,2.10286026792586
2028,"SSP126 CESM",825.030392075688,4.8954250928891,6614.80111592249,7.9045889020121,0.644400785854617,0.593320235756385,0.677799607072692,1.77170206438364,0,3.54944498861349,3.54944498861349
2029,"SSP126 CESM",864.719643724129,7.99626954330103,6533.60534609674,10.8629453348962,0.640471512770137,0.585461689587426,0.669941060903733,3.65542718218618e-05,0,2.26380791415751,2.26380791415751
2030,"SSP126 CESM",873.349067849191,8.81538710673391,6522.45657405554,11.9030880178128,0.638506876227898,0.585461689587426,0.669941060903733,0.117805117290807,0,2.08894247191701,2.08894247191701
2031,"SSP126 CESM",796.626387439735,5.2846903892813,6663.76348435901,9.32869182379863,0.648330058939096,0.597249508840864,0.699410609037328,3.79190417826416,0,5.79484284956714,5.79484284956714
2032,"SSP126 CESM",839.978632378865,5.99199464243518,6584.3609693349,9.15224131785306,0.640471512770137,0.591355599214145,0.673870333988212,0.875603290828646,0,2.97841837882668,2.97841837882668
2033,"SSP126 CESM",842.991172130986,5.80773159519991,6580.37051286065,8.67871498895066,0.640471512770137,0.589390962671906,0.673870333988212,0.72991072489722,0,2.58707501849218,2.58707501849218
2034,"SSP126 CESM",865.802152471383,8.43181328869978,6531.97546640705,11.4572916782981,0.638506876227898,0.585461689587426,0.669941060903733,0.00764481765249646,0,2.24412470116704,2.24412470116704
2035,"SSP126 CESM",885.978475857488,12.7155207370197,6493.59138185328,16.7132195399239,0.636542239685658,0.583497053045187,0.667976424361493,2.4100391472279,0,4.45766023206911,4.45766023206911
2036,"SSP126 CESM",881.671839860381,10.4449796143888,6497.74094456211,13.4068291807324,0.636542239685658,0.585461689587426,0.667976424361493,1.15718474002685,0,3.61686194665672,3.61686194665672
2037,"SSP126 CESM",846.815219486335,6.3510977928871,6570.33366000473,9.32881135047759,0.640471512770137,0.587426326129666,0.671905697445973,0.510974429405569,0,2.5474407494683,2.5474407494683
2038,"SSP126 CESM",785.261833070615,6.06061072441233,6683.17639483424,10.3395550143537,0.662082514734774,0.591355599214145,0.722986247544204,4.60076477618274,0,6.40513487604403,6.40513487604403
2039,"SSP126 CESM",821.272420252209,5.48672820716632,6623.59507839973,9.51900219098011,0.644400785854617,0.595284872298625,0.677799607072692,2.19692666101911,0,3.91082795835957,3.91082795835957
2040,"SSP126 CESM",816.588586757041,5.15700279422713,6629.62159182168,8.68808227428135,0.644400785854617,0.595284872298625,0.679764243614931,2.44481977982527,0,4.25822870734972,4.25822870734972
2041,"SSP126 CESM",820.015530958126,5.60284686166851,6621.67401623825,9.40537126485009,0.644400785854617,0.595284872298625,0.677799607072692,2.12853340214294,0,4.219557391468,4.219557391468
2042,"SSP126 CESM",810.897710185536,5.68153940725305,6638.5498668608,9.99747130803038,0.646365422396857,0.595284872298625,0.68565815324165,2.78300627598076,0,4.69796667821457,4.69796667821457
2043,"SSP126 CESM",861.441786455852,7.43982361489766,6543.38565914284,10.3012546917355,0.640471512770137,0.587426326129666,0.669941060903733,0.0283444851871251,0,2.14425077018934,2.14425077018934
2044,"SSP126 CESM",820.392770112207,5.03363367431761,6619.71494715378,10.6008742366641,0.644400785854617,0.595284872298625,0.679764243614931,2.26640140722729,0,4.42016678449726,4.42016678449726
2045,"SSP126 CESM",782.070915229799,6.65651161049545,6690.89013899162,9.24052370383655,0.664047151277014,0.587426326129666,0.730844793713163,4.70106191135314,0,6.7235231654263,6.7235231654263
2046,"SSP126 CESM",752.07448391454,11.404570480558,6734.20414318491,9.73800362545574,0.783889980353635,0.37721021611002,0.968565815324165,6.33529741875007,0,8.24750246776865,8.24750246776865
2047,"SSP126 CESM",790.307665242917,5.46185513536819,6675.74252567879,9.65954152634092,0.652259332023576,0.597249508840864,0.705304518664047,4.30636229466359,0,6.38676085629547,6.38676085629547
2048,"SSP126 CESM",789.634842578755,5.44681994753243,6675.73588663588,8.81761702472218,0.652259332023576,0.597249508840864,0.703339882121807,4.16281107364954,0,6.17483835236735,6.17483835236735
2049,"SSP126 CESM",754.264977235942,11.4317525170717,6734.05770101601,9.15481733775534,0.783889980353635,0.37721021611002,0.968565815324165,6.33529741875007,0,7.93702243200051,7.93702243200051
2050,"SSP126 CESM",778.015499157832,6.69449978815051,6694.66155238287,8.20965691187227,0.666011787819253,0.585461689587426,0.738703339882122,4.95653625635668,0,6.78497737146425,6.78497737146425
2051,"SSP126 CESM",752.183842394463,11.4104208686178,6729.19659837185,10.4641805715635,0.783889980353635,0.37721021611002,0.968565815324165,6.33529741875007,0,8.44897575901321,8.44897575901321
2052,"SSP126 CESM",869.974715805835,9.04935152398934,6523.9467717526,12.1839698382888,0.638506876227898,0.585461689587426,0.669941060903733,0.142965920069968,0,2.24733557727287,2.24733557727287
2053,"SSP126 CESM",882.153638088948,11.0929767510965,6507.40506352061,14.9458001880557,0.636542239685658,0.585461689587426,0.667976424361493,1.01196262108484,0,3.2602138125868,3.2602138125868
2054,"SSP126 CESM",856.76752557838,6.98607919695104,6550.45175594497,9.86438493139017,0.640471512770137,0.587426326129666,0.669941060903733,0.102085698920074,0,2.03683031132498,2.03683031132498
2055,"SSP126 CESM",851.508130204941,6.74055247473327,6560.25217835034,10.0258349842355,0.640471512770137,0.587426326129666,0.671905697445973,0.304756424938329,0,2.37256699128034,2.37256699128034
2056,"SSP126 CESM",872.210913185223,10.3406769842993,6513.46222770226,13.2055561717304,0.636542239685658,0.585461689587426,0.667976424361493,0.730705618086246,0,2.81931697597494,2.81931697597494
2057,"SSP126 CESM",756.059161639587,10.9833602832053,6722.17783438325,12.4670846896567,0.756385068762279,0.444007858546169,0.880157170923379,6.21877797359955,0,7.98225037787625,7.98225037787625
2058,"SSP126 CESM",777.880683769489,6.77197796072079,6696.13057531598,8.77017054956693,0.666011787819253,0.585461689587426,0.738703339882122,4.95653625635668,0,6.86710437999725,6.86710437999725
2059,"SSP126 CESM",751.00925861028,11.5661086444512,6732.58424168666,9.29316160083868,0.783889980353635,0.37721021611002,0.968565815324165,6.33529741875007,0,8.79677227450898,8.79677227450898
2060,"SSP126 CESM",806.69659300922,5.67092149035022,6652.38067413508,10.1590110361754,0.646365422396857,0.597249508840864,0.68762278978389,3.10200177942977,0,4.90636225909653,4.90636225909653
2061,"SSP126 CESM",864.741268895337,8.01239423388456,6542.32528812129,10.4666615495923,0.640471512770137,0.587426326129666,0.669941060903733,0.0413061108612381,0,2.41375487375711,2.41375487375711
2062,"SSP126 CESM",843.604685828446,6.32966969200087,6577.46267342264,9.4623703230934,0.640471512770137,0.589390962671906,0.673870333988212,0.749912833102704,0,2.774781717584,2.774781717584
2063,"SSP126 CESM",809.825797956382,5.1873472310139,6641.23416942123,8.41755484569811,0.646365422396857,0.595284872298625,0.68565815324165,2.82193441249638,0,4.80985413884134,4.80985413884134
2064,"SSP126 CESM",840.326536409182,6.12387862164194,6582.23957247318,9.4833924937603,0.640471512770137,0.591355599214145,0.673870333988212,0.832624984254657,0,2.81638792467869,2.81638792467869
2065,"SSP126 CESM",825.593122079634,5.42317285600217,6614.27979989485,8.77494958667914,0.644400785854617,0.595284872298625,0.677799607072692,1.96228176203005,0,3.98377369909774,3.98377369909774
2066,"SSP126 CESM",787.822947740944,6.09496550842055,6681.3320074811,8.88329517474522,0.654223968565815,0.595284872298625,0.711198428290766,4.40341496783797,0,6.36387292062032,6.36387292062032
2067,"SSP126 CESM",811.341585349597,5.39182537064866,6637.05989100222,11.0742229613023,0.646365422396857,0.595284872298625,0.68762278978389,2.94034105304125,0,5.28481105184347,5.28481105184347
2068,"SSP126 CESM",751.995450467919,11.3215031348769,6730.09064988628,10.2763956111778,0.783889980353635,0.37721021611002,0.968565815324165,6.33529741875007,0,8.23692880228312,8.23692880228312
2069,"SSP126 CESM",805.41333254353,6.43696654997518,6647.91703841266,9.3752291677927,0.646365422396857,0.595284872298625,0.68762278978389,2.98035067688887,0,5.05801323880247,5.05801323880247
2070,"SSP126 CESM",791.65463614325,5.6002328406904,6670.70592724042,11.1136281723818,0.652259332023576,0.597249508840864,0.705304518664047,4.25824151582591,0,6.24885240077633,6.24885240077633
2071,"SSP126 CESM",750.551427939174,11.4697536065905,6735.47184949414,9.18859520102771,0.783889980353635,0.37721021611002,0.968565815324165,6.33529741875007,0,8.24904179659912,8.24904179659912
2072,"SSP126 CESM",812.91438278927,5.05435528075965,6636.12431016953,9.27786244250603,0.646365422396857,0.595284872298625,0.68565815324165,2.82193441249638,0,4.78237322022209,4.78237322022209
2073,"SSP126 CESM",847.481060888655,6.5408947278098,6570.91752242536,9.68049517394781,0.640471512770137,0.589390962671906,0.671905697445973,0.544760093657492,0,2.72537060780191,2.72537060780191
2074,"SSP126 CESM",812.455895879861,5.58881405254733,6637.19224220942,9.27363472241091,0.644400785854617,0.595284872298625,0.683693516699411,2.66784409743191,0,4.62446816029784,4.62446816029784
2075,"SSP126 CESM",848.454225298839,6.4607901670817,6569.81031391546,9.1083376282482,0.640471512770137,0.587426326129666,0.671905697445973,0.431241775853297,0,2.25403168553167,2.25403168553167
2076,"SSP126 CESM",813.494718603965,5.58370761190767,6635.44382829021,9.76688905281446,0.646365422396857,0.595284872298625,0.68565815324165,2.74434851129814,0,4.79839245058669,4.79839245058669
2077,"SSP126 CESM",790.810083770586,6.28232943065942,6671.75758930147,12.3726704804931,0.654223968565815,0.595284872298625,0.711198428290766,4.40341496783797,0,6.53652402872016,6.53652402872016
2078,"SSP126 CESM",781.442226648248,6.53693552428027,6692.76649081036,9.0051862162541,0.664047151277014,0.587426326129666,0.734774066797642,4.80244053385555,0,6.84249617474558,6.84249617474558
2079,"SSP126 CESM",800.165715341549,4.93530183990076,6655.12599356599,11.866594597005,0.648330058939096,0.597249508840864,0.695481335952849,3.65727522773917,0,5.82381208156594,5.82381208156594
2080,"SSP126 CESM",758.551367473345,10.8176445406161,6717.82979207838,13.5589851125616,0.736738703339882,0.461689587426326,0.860510805500982,6.1609238087738,0,8.37683489966025,8.37683489966025
2081,"SSP126 CESM",751.438412222491,11.5592807557302,6736.53845296134,9.02356293484408,0.783889980353635,0.37721021611002,0.968565815324165,6.33529741875007,0,8.24450935908541,8.24450935908541
2082,"SSP126 CESM",752.808899374683,11.253631460699,6733.89135583155,8.54558764560998,0.783889980353635,0.37721021611002,0.968565815324165,6.33529741875007,0,8.06101970193618,8.06101970193618
2083,"SSP126 CESM",794.588395178083,5.89006902978789,6666.01377398119,10.9771952961064,0.648330058939096,0.597249508840864,0.699410609037328,3.92896647528616,0,6.62107627953731,6.62107627953731
2084,"SSP126 CESM",807.641283275871,5.31584886844965,6646.52110793508,9.77342727778792,0.646365422396857,0.597249508840864,0.68762278978389,3.18445437362204,0,5.13887340134022,5.13887340134022
2085,"SSP126 CESM",769.838125332433,8.39499247547554,6710.16426517149,8.62070144014714,0.679764243614931,0.56188605108055,0.766208251473477,5.48776283383889,0,7.41466885017331,7.41466885017331
2086,"SSP126 CESM",839.279311908958,6.0451096853811,6589.85711460913,9.07117383702381,0.640471512770137,0.591355599214145,0.673870333988212,1.13131556304522,0,3.56910144802985,3.56910144802985
2087,"SSP126 CESM",753.350831505191,11.375198827919,6731.8507174789,9.49331481252335,0.783889980353635,0.37721021611002,0.968565815324165,6.33529741875007,0,8.36740885878724,8.36740885878724
2088,"SSP126 CESM",795.396515103861,5.94666321547351,6671.99124547245,9.88759107414323,0.648330058939096,0.597249508840864,0.699410609037328,3.88300867111249,0,5.87158633740069,5.87158633740069
2089,"SSP126 CESM",778.025897278643,7.42701826619787,6697.18234721475,9.22494010016723,0.669941060903733,0.583497053045187,0.746561886051081,5.11306532535482,0,7.10150903097628,7.10150903097628
2090,"SSP126 CESM",795.330379963221,5.74091220298263,6674.26982967427,8.18751028556861,0.652259332023576,0.597249508840864,0.703339882121807,4.16281107364954,0,6.00314062789151,6.00314062789151
2091,"SSP126 CESM",759.409441943215,10.7546252981558,6725.19325252001,8.851432234612,0.736738703339882,0.461689587426326,0.860510805500982,6.1609238087738,0,8.19030246175947,8.19030246175947
2092,"SSP126 CESM",782.616676801889,6.15653991415385,6689.11405052709,8.57473108008628,0.664047151277014,0.591355599214145,0.724950884086444,4.65077815785144,0,6.70393341993972,6.70393341993972
2093,"SSP126 CESM",751.994596008898,11.4825201008357,6728.42665630477,11.4945108198602,0.783889980353635,0.37721021611002,0.968565815324165,6.33529741875007,0,8.63519790511258,8.63519790511258
2094,"SSP126 CESM",750.900346173426,11.5230480735188,6735.96786833402,9.86848674774754,0.783889980353635,0.37721021611002,0.968565815324165,6.33529741875007,0,8.49003561474152,8.49003561474152
2020,"SSP585 CESM",865.396378968674,7.9954033846951,6533.81643382808,11.0067796466692,0.638506876227898,0.585461689587426,0.669941060903733,0.00764481765249646,0,1.74507140217997,1.74507140217997
2021,"SSP585 CESM",829.356860059275,5.67552033421141,6600.78407957933,9.79830706318911,0.640471512770137,0.591355599214145,0.673870333988212,1.36486815982896,0,3.22631507727562,3.22631507727562
2022,"SSP585 CESM",856.686361157475,7.70639759213642,6550.14606311546,10.134190555997,0.640471512770137,0.587426326129666,0.669941060903733,0.109650702807469,0,2.23765650460991,2.23765650460991
2023,"SSP585 CESM",860.858068551387,7.29224716010763,6544.52864572038,10.1992696125865,0.640471512770137,0.587426326129666,0.669941060903733,0.0367151971368652,0,1.92620723001198,1.92620723001198
2024,"SSP585 CESM",833.575797197063,5.99051118063998,6598.75446607721,8.85687321196728,0.640471512770137,0.591355599214145,0.673870333988212,1.28458394773736,0,3.0082903308718,3.0082903308718
2025,"SSP585 CESM",829.948943399922,5.87584132768755,6601.20640425031,9.67962054935995,0.644400785854617,0.591355599214145,0.675834970530452,1.44758571841757,0,3.43465468639921,3.43465468639921
2026,"SSP585 CESM",819.998867207988,5.50715398248992,6620.82828416724,10.401969328375,0.644400785854617,0.595284872298625,0.677799607072692,2.16259484566452,0,4.21557228301391,4.21557228301391
2027,"SSP585 CESM",811.106750255612,5.545853632821,6639.57544876788,9.38112190606458,0.646365422396857,0.595284872298625,0.68565815324165,2.74434851129814,0,4.53805025444302,4.53805025444302
2028,"SSP585 CESM",803.048139485004,4.7143239427271,6656.16850784596,8.29885941356573,0.646365422396857,0.597249508840864,0.691552062868369,3.48155516603455,0,5.24246197788249,5.24246197788249
2029,"SSP585 CESM",824.732389673997,4.96702200879534,6614.78446353324,7.95100516256481,0.644400785854617,0.593320235756385,0.677799607072692,1.74088508285808,0,3.45934117183302,3.45934117183302
2030,"SSP585 CESM",864.952068155806,8.13326766027846,6540.07990463796,11.0417982804491,0.640471512770137,0.585461689587426,0.669941060903733,3.65542718218618e-05,0,1.86921139881374,1.86921139881374
2031,"SSP585 CESM",850.907986786384,7.18010943564886,6560.96676939576,9.97342879801176,0.640471512770137,0.587426326129666,0.671905697445973,0.255570381078616,0,2.15881954536672,2.15881954536672
2032,"SSP585 CESM",829.890647926773,5.53844720574552,6604.78647334194,9.24487723927041,0.644400785854617,0.593320235756385,0.675834970530452,1.5908557527253,0,3.56465924834798,3.56465924834798
2033,"SSP585 CESM",829.405700598504,5.51107194448473,6602.94541209214,8.98071399143297,0.644400785854617,0.593320235756385,0.675834970530452,1.50408261664166,0,3.68400374072112,3.68400374072112
2034,"SSP585 CESM",857.700862234081,9.2708471032243,6536.31986621537,11.8442389670878,0.638506876227898,0.585461689587426,0.669941060903733,0.0285013008502661,0,1.72307241279363,1.72307241279363
2035,"SSP585 CESM",858.850985688314,7.49081007825063,6543.69169517172,10.3381050881504,0.640471512770137,0.587426326129666,0.669941060903733,0.0178162060100295,0,1.86966910353561,1.86966910353561
2036,"SSP585 CESM",816.200680137975,5.72152189808574,6631.51449427183,9.62569184844166,0.644400785854617,0.597249508840864,0.683693516699411,2.6299974482483,0,4.91017600539187,4.91017600539187
2037,"SSP585 CESM",829.655653397918,5.82581415595454,6603.84942511724,9.03156823218977,0.644400785854617,0.593320235756385,0.675834970530452,1.5327366235032,0,3.54999903752856,3.54999903752856
2038,"SSP585 CESM",757.656807959944,10.9974725919885,6726.13252417747,9.34907584967266,0.736738703339882,0.461689587426326,0.860510805500982,6.1609238087738,0,7.94148838967105,7.94148838967105
2039,"SSP585 CESM",790.00510655898,5.38284531959894,6679.46319781847,8.90158860530448,0.652259332023576,0.597249508840864,0.705304518664047,4.30636229466359,0,5.89417843737459,5.89417843737459
2040,"SSP585 CESM",754.484472979749,11.4660662032609,6733.58414161308,8.36861285823199,0.783889980353635,0.37721021611002,0.968565815324165,6.33529741875007,0,8.24197048375913,8.24197048375913
2041,"SSP585 CESM",809.757109904153,5.25543759832202,6641.81292862175,9.79348674577628,0.646365422396857,0.597249508840864,0.68762278978389,3.18445437362204,0,5.26400109614226,5.26400109614226
2042,"SSP585 CESM",812.38969881855,5.23028721732337,6637.57189708458,9.66816094546438,0.646365422396857,0.595284872298625,0.68762278978389,2.90060180102662,0,4.92221361364911,4.92221361364911
2043,"SSP585 CESM",782.586806479928,6.63729458379276,6690.39974815377,9.11581267996407,0.664047151277014,0.587426326129666,0.730844793713163,4.75161603668785,0,6.66412600529495,6.66412600529495
2044,"SSP585 CESM",829.798209562712,5.67074906363756,6607.53427205451,8.92157367382587,0.644400785854617,0.593320235756385,0.675834970530452,1.5327366235032,0,3.41423691398969,3.41423691398969
2045,"SSP585 CESM",755.706355757631,11.2540656010292,6728.75636088142,9.35278090223401,0.768172888015717,0.416502946954813,0.923379174852652,6.27690251025831,0,8.22330326892803,8.22330326892803
2046,"SSP585 CESM",770.880380804544,7.7558560689374,6703.02139392741,9.78591329055431,0.671905697445973,0.567779960707269,0.762278978388998,5.37935454367843,0,7.36225594090333,7.36225594090333
2047,"SSP585 CESM",850.388810471151,6.84317644631026,6564.95092607263,10.0006392137159,0.640471512770137,0.587426326129666,0.671905697445973,0.401241317263402,0,2.54927416262525,2.54927416262525
2048,"SSP585 CESM",819.306600025626,5.24800105486339,6627.25070809589,8.85110316467237,0.644400785854617,0.595284872298625,0.679764243614931,2.37264131528707,0,4.10457829402908,4.10457829402908
2049,"SSP585 CESM",831.110318167086,5.02020641324996,6601.98269260154,8.38790106552982,0.642436149312377,0.591355599214145,0.675834970530452,1.41974282705503,0,3.25201164170906,3.25201164170906
2050,"SSP585 CESM",755.96989098504,11.7271966020635,6725.5943879524,11.7635211625206,0.783889980353635,0.37721021611002,0.968565815324165,6.33529741875007,0,8.27256792033232,8.27256792033232
2051,"SSP585 CESM",787.498302144132,6.16967784717885,6678.97473443214,10.383310087399,0.662082514734774,0.595284872298625,0.719056974459725,4.55102176634705,0,6.52306956126565,6.52306956126565
2052,"SSP585 CESM",753.192963228349,11.0295232221491,6734.02261309744,8.36752565158434,0.768172888015717,0.416502946954813,0.923379174852652,6.27690251025831,0,8.1185620670765,8.1185620670765
2053,"SSP585 CESM",754.832164481249,11.5060441409301,6724.98324493899,12.2353254396634,0.783889980353635,0.37721021611002,0.968565815324165,6.33529741875007,0,8.63844886984815,8.63844886984815
2054,"SSP585 CESM",749.701095065869,11.858220763422,6728.48190928073,12.339848579291,0.783889980353635,0.37721021611002,0.968565815324165,6.33529741875007,0,8.77129099487227,8.77129099487227
2055,"SSP585 CESM",752.792480333356,11.4470632745532,6729.22294979389,11.6141970708979,0.783889980353635,0.37721021611002,0.968565815324165,6.33529741875007,0,8.29929978122522,8.29929978122522
2056,"SSP585 CESM",756.486067653249,10.7370464522232,6723.85629259777,10.5159852426179,0.736738703339882,0.461689587426326,0.860510805500982,6.1609238087738,0,8.50299526007778,8.50299526007778
2057,"SSP585 CESM",752.437123778816,11.4067470081657,6730.42250729754,10.1778043732413,0.783889980353635,0.37721021611002,0.968565815324165,6.33529741875007,0,8.31214741125273,8.31214741125273
2058,"SSP585 CESM",751.716505654899,11.3399671936192,6727.95290726664,11.7851830760367,0.783889980353635,0.37721021611002,0.968565815324165,6.33529741875007,0,8.38503549242949,8.38503549242949
2059,"SSP585 CESM",753.524208829199,11.5010525425256,6726.57936677515,11.3506608557588,0.783889980353635,0.37721021611002,0.968565815324165,6.33529741875007,0,8.39698838391302,8.39698838391302
2060,"SSP585 CESM",751.763604529835,11.4365394297968,6728.56578051104,11.5519181762399,0.783889980353635,0.37721021611002,0.968565815324165,6.33529741875007,0,8.5515030187883,8.5515030187883
2061,"SSP585 CESM",751.457775468203,11.4451574309306,6731.97372051214,9.31873613958319,0.783889980353635,0.37721021611002,0.968565815324165,6.33529741875007,0,8.42780106716736,8.42780106716736
2062,"SSP585 CESM",753.658910927109,11.3551360357224,6728.1832137689,10.1379707804253,0.783889980353635,0.37721021611002,0.968565815324165,6.33529741875007,0,8.08954463488586,8.08954463488586
2063,"SSP585 CESM",751.149002093165,11.4028654387545,6731.02599460155,9.71888865666838,0.783889980353635,0.37721021611002,0.968565815324165,6.33529741875007,0,8.32618559714185,8.32618559714185
2064,"SSP585 CESM",767.929401363131,9.040245833248,6716.13235230081,9.10605785208127,0.68762278978389,0.55992141453831,0.781925343811395,5.65240305782709,0,7.56900892357906,7.56900892357906
2065,"SSP585 CESM",815.923947833459,5.62516067006297,6635.45215803933,8.63884111697152,0.644400785854617,0.597249508840864,0.679764243614931,2.51807973169548,0,4.34377402674118,4.34377402674118
2066,"SSP585 CESM",755.116478246823,10.8203869056466,6724.54132413421,10.8795547588439,0.756385068762279,0.444007858546169,0.880157170923379,6.21877797359955,0,8.24924938836744,8.24924938836744
2067,"SSP585 CESM",766.72462641264,8.66168755347365,6712.72012432862,9.01853591607044,0.68762278978389,0.55992141453831,0.781925343811395,5.65240305782709,0,7.6555694298489,7.6555694298489
2068,"SSP585 CESM",751.34796016902,11.4576365933533,6734.26508830427,9.25216081820689,0.783889980353635,0.37721021611002,0.968565815324165,6.33529741875007,0,8.24137619826521,8.24137619826521
2069,"SSP585 CESM",796.140383175278,5.58066083441836,6669.32586517615,8.5132415460431,0.648330058939096,0.597249508840864,0.699410609037328,3.92896647528616,0,5.93655410211431,5.93655410211431
2070,"SSP585 CESM",753.939035706543,11.514264163701,6727.81040586618,11.9178616945651,0.783889980353635,0.37721021611002,0.968565815324165,6.33529741875007,0,8.58506826236794,8.58506826236794
2071,"SSP585 CESM",752.21921237368,11.7781033299734,6724.32816704727,13.1484112726267,0.783889980353635,0.37721021611002,0.968565815324165,6.33529741875007,0,9.15653185693469,9.15653185693469
2072,"SSP585 CESM",752.218187024607,11.7312585361229,6729.84375929238,10.9060359134288,0.783889980353635,0.37721021611002,0.968565815324165,6.33529741875007,0,8.82057422038295,8.82057422038295
2073,"SSP585 CESM",758.00007394439,10.1407935445339,6725.17025256681,8.77667385190015,0.722986247544204,0.49705304518664,0.833005893909627,6.0460265946213,0,7.91527434036292,7.91527434036292
2074,"SSP585 CESM",751.171619470093,11.8646048288642,6728.61103235607,11.1634886203666,0.783889980353635,0.37721021611002,0.968565815324165,6.33529741875007,0,8.79624291601213,8.79624291601213
2075,"SSP585 CESM",767.556523029157,8.49728384890064,6712.73865454379,8.36840095068522,0.68762278978389,0.55992141453831,0.781925343811395,5.65240305782709,0,7.75490741295427,7.75490741295427
2076,"SSP585 CESM",749.31503615624,12.4653220247121,6733.10151690667,10.3731211812884,0.783889980353635,0.37721021611002,0.968565815324165,6.33529741875007,0,9.27049621136177,9.27049621136177
2077,"SSP585 CESM",796.97609312087,5.54051446608629,6669.43482735372,9.00009136916189,0.648330058939096,0.597249508840864,0.699410609037328,3.88300867111249,0,5.98104691542814,5.98104691542814
2078,"SSP585 CESM",820.30705701197,5.27786058820694,6621.05591780027,8.90606033525746,0.644400785854617,0.595284872298625,0.677799607072692,2.2315288482067,0,4.28956591300921,4.28956591300921
2079,"SSP585 CESM",751.553613184653,11.4846046350732,6729.46678089856,10.3704521901944,0.783889980353635,0.37721021611002,0.968565815324165,6.33529741875007,0,8.57556171787126,8.57556171787126
2080,"SSP585 CESM",750.519283625611,11.6791451497392,6734.38719640126,10.1204057096583,0.783889980353635,0.37721021611002,0.968565815324165,6.33529741875007,0,8.6271074649269,8.6271074649269
2081,"SSP585 CESM",751.810095624886,11.875895032625,6727.83062594432,13.07991147887,0.783889980353635,0.37721021611002,0.968565815324165,6.33529741875007,0,9.22134363840422,9.22134363840422
2082,"SSP585 CESM",751.29653892818,11.7804273605558,6735.31569258809,9.71665986206393,0.783889980353635,0.37721021611002,0.968565815324165,6.33529741875007,0,8.83875890282643,8.83875890282643
2083,"SSP585 CESM",756.707398693579,10.9750482444706,6727.08733731221,8.8863288198904,0.756385068762279,0.444007858546169,0.880157170923379,6.21877797359955,0,8.25290932055896,8.25290932055896
2084,"SSP585 CESM",751.335504492654,11.63509643226,6728.14443907761,11.4361283362836,0.783889980353635,0.37721021611002,0.968565815324165,6.33529741875007,0,8.56351061179951,8.56351061179951
2085,"SSP585 CESM",754.835667800588,11.6630745925668,6731.74813934753,10.0504665052874,0.783889980353635,0.37721021611002,0.968565815324165,6.33529741875007,0,8.94895360566037,8.94895360566037
2086,"SSP585 CESM",751.205076934214,12.0932090811548,6731.65629770395,10.7609739210878,0.783889980353635,0.37721021611002,0.968565815324165,6.33529741875007,0,9.42501684651173,9.42501684651173
2087,"SSP585 CESM",749.824442550846,11.9601757073768,6737.77470113645,9.63370606312213,0.783889980353635,0.37721021611002,0.968565815324165,6.33529741875007,0,8.99560408461841,8.99560408461841
2088,"SSP585 CESM",753.658234465298,11.8093907404844,6729.54723146221,10.6396771212051,0.783889980353635,0.37721021611002,0.968565815324165,6.33529741875007,0,9.1037108366664,9.1037108366664
2089,"SSP585 CESM",755.754445120479,11.7219250153509,6729.8755637361,9.02296614998959,0.783889980353635,0.37721021611002,0.968565815324165,6.33529741875007,0,8.66955762320164,8.66955762320164
2090,"SSP585 CESM",753.132356322273,12.6066367563744,6725.74524328998,14.7952197920414,0.783889980353635,0.37721021611002,0.968565815324165,6.33529741875007,0,10.172690135146,10.172690135146
2091,"SSP585 CESM",749.927394536272,12.268843352815,6726.42218793489,12.4075313998559,0.783889980353635,0.37721021611002,0.968565815324165,6.33529741875007,0,10.1774737023796,10.1774737023796
2092,"SSP585 CESM",751.997713628856,12.1876537121808,6725.44752359699,13.602951505408,0.783889980353635,0.37721021611002,0.968565815324165,6.33529741875007,0,10.3441132489417,10.3441132489417
2093,"SSP585 CESM",751.033715965791,12.2040083848068,6731.14140174367,10.5682147953641,0.783889980353635,0.37721021611002,0.968565815324165,6.33529741875007,0,9.92287076532246,9.92287076532246
2094,"SSP585 CESM",752.442018622915,12.3050863242667,6724.08339061753,14.876024127942,0.783889980353635,0.37721021611002,0.968565815324165,6.33529741875007,0,9.73082904848469,9.73082904848469
2020,"SSP126 GFDL",856.776864448176,7.02394133082856,6555.38119612974,9.75959122781702,0.640471512770137,0.587426326129666,0.671905697445973,0.189902470279105,0,2.19128059862848,2.19128059862848
2021,"SSP126 GFDL",859.914732802149,7.17311218419089,6550.6369561106,10.0884454239161,0.640471512770137,0.587426326129666,0.669941060903733,0.117486078527865,0,2.36246161797391,2.36246161797391
2022,"SSP126 GFDL",878.172615120831,10.5077497839126,6513.95565881877,14.0519932075254,0.636542239685658,0.585461689587426,0.667976424361493,0.598185567858675,0,2.58535139516865,2.58535139516865
2023,"SSP126 GFDL",887.280427844043,11.8895040874269,6495.26284600614,15.8927485506152,0.636542239685658,0.585461689587426,0.667976424361493,1.93113492686822,0,3.77925716206163,3.77925716206163
2024,"SSP126 GFDL",882.10770570006,12.0414491027511,6500.09600690846,15.968957509617,0.636542239685658,0.585461689587426,0.667976424361493,1.80403853561067,0,3.57079512800983,3.57079512800983
2025,"SSP126 GFDL",866.730449251097,9.16029242684801,6534.54483646139,12.4741867509401,0.638506876227898,0.585461689587426,0.669941060903733,0.0685595916278336,0,2.00647894965517,2.00647894965517
2026,"SSP126 GFDL",841.991307123299,6.17238444790828,6582.60985685824,8.71973352552481,0.640471512770137,0.589390962671906,0.673870333988212,0.749912833102704,0,2.67071014199031,2.67071014199031
2027,"SSP126 GFDL",876.643113136869,10.0197881440215,6516.36119611873,13.3733254620133,0.636542239685658,0.585461689587426,0.669941060903733,0.478913737448199,0,2.34740759497449,2.34740759497449
2028,"SSP126 GFDL",862.268162943382,7.65695957089921,6549.05959084769,10.3050228328715,0.640471512770137,0.587426326129666,0.669941060903733,0.0810129182559031,0,2.14007320145046,2.14007320145046
2029,"SSP126 GFDL",875.743618774778,9.22226337971452,6520.34274135503,12.2657043661876,0.638506876227898,0.585461689587426,0.669941060903733,0.180298862770875,0,2.61961572256366,2.61961572256366
2030,"SSP126 GFDL",856.774285750765,7.71451856513132,6555.16722474937,10.2528721728698,0.640471512770137,0.587426326129666,0.669941060903733,0.0745294017005167,0,1.9459870782218,1.9459870782218
2031,"SSP126 GFDL",835.539189709097,5.62765037802954,6596.14563038718,9.10871194768974,0.640471512770137,0.591355599214145,0.673870333988212,1.05833139044468,0,2.87249954552031,2.87249954552031
2032,"SSP126 GFDL",879.900988272007,10.9678594572432,6509.44581563337,14.3219554851171,0.636542239685658,0.585461689587426,0.667976424361493,0.988705236010017,0,2.87596616167293,2.87596616167293
2033,"SSP126 GFDL",845.923369192897,6.17900586086065,6570.98549203189,9.38119142003852,0.640471512770137,0.587426326129666,0.671905697445973,0.478270252485654,0,2.39512167521278,2.39512167521278
2034,"SSP126 GFDL",866.707974309083,8.78177123245409,6530.58807696482,11.8187718098385,0.638506876227898,0.585461689587426,0.669941060903733,0.0626060038651309,0,1.99768714822543,1.99768714822543
2035,"SSP126 GFDL",864.74692599331,8.08557017313598,6531.59098445996,11.0394278767119,0.638506876227898,0.585461689587426,0.669941060903733,0.0247106877515789,0,2.02145594181981,2.02145594181981
2036,"SSP126 GFDL",865.355552438761,8.33569479808812,6541.100540196,11.5931050994779,0.638506876227898,0.585461689587426,0.669941060903733,0.000858484644147761,0,1.91371913390686,1.91371913390686
2037,"SSP126 GFDL",853.909608917107,6.76757426525057,6565.69274748158,9.61308390514504,0.640471512770137,0.587426326129666,0.671905697445973,0.279622659342469,0,2.32362590833591,2.32362590833591
2038,"SSP126 GFDL",852.531423120346,6.91463147419794,6562.6166100062,9.53541171882365,0.640471512770137,0.587426326129666,0.671905697445973,0.243949799696193,0,2.20272993849049,2.20272993849049
2039,"SSP126 GFDL",866.595403999328,8.14070687599312,6533.20290083739,11.1142290712205,0.638506876227898,0.585461689587426,0.669941060903733,0.0122519536868495,0,2.09640718432477,2.09640718432477
2040,"SSP126 GFDL",866.14084570594,9.02821802030623,6526.79102169241,12.1301064111663,0.638506876227898,0.585461689587426,0.669941060903733,0.142965920069968,0,1.91721355394936,1.91721355394936
2041,"SSP126 GFDL",806.166627384565,5.37438847765126,6654.11555710067,8.76781411088548,0.646365422396857,0.597249508840864,0.68762278978389,3.31016105365796,0,5.20650747808634,5.20650747808634
2042,"SSP126 GFDL",850.921205523443,6.61703052320775,6563.37968518142,9.46103880944979,0.640471512770137,0.587426326129666,0.671905697445973,0.267461334294041,0,2.22094605724232,2.22094605724232
2043,"SSP126 GFDL",865.81659816389,8.09155291844591,6538.79620671957,10.8549134954295,0.640471512770137,0.585461689587426,0.669941060903733,3.11468351618262e-05,0,2.18197527492772,2.18197527492772
2044,"SSP126 GFDL",875.46133893993,10.5116188814029,6520.37047115854,14.3778686835719,0.636542239685658,0.585461689587426,0.669941060903733,0.462956391864424,0,2.36034210531842,2.36034210531842
2045,"SSP126 GFDL",850.768020082637,6.56046531911401,6567.03094721651,9.54510802140001,0.640471512770137,0.587426326129666,0.671905697445973,0.416106360641848,0,2.46902931493332,2.46902931493332
2046,"SSP126 GFDL",842.497200689462,6.00082200709899,6582.43284593232,8.86725207991888,0.640471512770137,0.589390962671906,0.673870333988212,0.770185313141189,0,2.73072882330068,2.73072882330068
2047,"SSP126 GFDL",848.436311543793,6.67662298389162,6568.45676422542,9.25257654507463,0.640471512770137,0.587426326129666,0.671905697445973,0.386646645717957,0,2.4953087414577,2.4953087414577
2048,"SSP126 GFDL",853.726958782662,6.8455775250851,6558.59759379876,9.67571811093687,0.640471512770137,0.587426326129666,0.671905697445973,0.170176141343283,0,2.00555509364667,2.00555509364667
2049,"SSP126 GFDL",841.892220172768,5.85939895105398,6582.27308488774,9.33219417876686,0.640471512770137,0.591355599214145,0.673870333988212,0.897498001865144,0,3.11299513352377,3.11299513352377
2050,"SSP126 GFDL",877.78719099209,10.5496632280236,6515.27315587619,14.0724144331258,0.636542239685658,0.585461689587426,0.667976424361493,0.580335619443887,0,2.54613276756954,2.54613276756954
2051,"SSP126 GFDL",868.564508375769,9.03233001941144,6527.45529183142,12.1188172390758,0.638506876227898,0.585461689587426,0.669941060903733,0.125921679717525,0,2.0983479642512,2.0983479642512
2052,"SSP126 GFDL",838.306159511559,5.79005933440092,6588.69799027872,8.86780112943447,0.640471512770137,0.591355599214145,0.673870333988212,0.964804365972646,0,3.04486131699679,3.04486131699679
2053,"SSP126 GFDL",842.905263376558,5.93831703992981,6579.1900076557,8.99415740149289,0.640471512770137,0.589390962671906,0.673870333988212,0.671526631278781,0,2.58539363642469,2.58539363642469
2054,"SSP126 GFDL",845.667372599975,6.15988525251437,6575.11502264148,9.17220656074553,0.640471512770137,0.589390962671906,0.673870333988212,0.652606010405305,0,2.80310161837815,2.80310161837815
2055,"SSP126 GFDL",850.188626952854,6.6542919315725,6567.32724188154,9.34794267516424,0.640471512770137,0.587426326129666,0.671905697445973,0.401241317263402,0,2.72521118262106,2.72521118262106
2056,"SSP126 GFDL",848.411063707581,6.36778518360688,6571.42295246226,9.33021068199741,0.640471512770137,0.589390962671906,0.671905697445973,0.544760093657492,0,2.5982095202758,2.5982095202758
2057,"SSP126 GFDL",867.853567029568,8.39259053791509,6532.68268702237,11.4493576636245,0.638506876227898,0.585461689587426,0.669941060903733,0.0247106877515789,0,1.97013135645015,1.97013135645015
2058,"SSP126 GFDL",842.44080785973,5.85606768215457,6583.05338752648,8.94332846992403,0.640471512770137,0.589390962671906,0.673870333988212,0.749912833102704,0,2.71520316931195,2.71520316931195
2059,"SSP126 GFDL",857.704361480972,7.17383192427483,6553.12850539348,10.2774249153679,0.640471512770137,0.587426326129666,0.669941060903733,0.094791066865682,0,2.07003526755168,2.07003526755168
2060,"SSP126 GFDL",870.191347744455,8.80066125584128,6529.29033198332,12.1111550646091,0.638506876227898,0.585461689587426,0.669941060903733,0.0747835512235383,0,2.08825175714138,2.08825175714138
2061,"SSP126 GFDL",834.828285653316,6.45971084787771,6595.50025633514,10.0229939592927,0.640471512770137,0.591355599214145,0.673870333988212,1.13131556304522,0,3.51294337575063,3.51294337575063
2062,"SSP126 GFDL",844.161386755765,6.21621054677061,6577.55143556791,9.45536245088171,0.640471512770137,0.589390962671906,0.673870333988212,0.770185313141189,0,3.17848592159115,3.17848592159115
2063,"SSP126 GFDL",854.147796279042,6.71777838888209,6558.58238759047,9.77585800961715,0.640471512770137,0.587426326129666,0.671905697445973,0.267461334294041,0,2.42720650984605,2.42720650984605
2064,"SSP126 GFDL",862.519633300951,7.81776996056139,6540.85970255326,10.756936942654,0.640471512770137,0.585461689587426,0.669941060903733,0.00405968714689076,0,2.05836592775802,2.05836592775802
2065,"SSP126 GFDL",865.278258018295,8.48642965077776,6533.1407191315,11.4844911592959,0.638506876227898,0.585461689587426,0.669941060903733,0.0414953711443394,0,1.85993048015022,1.85993048015022
2066,"SSP126 GFDL",846.037768118072,6.08525614990343,6575.61851207995,9.16683489445116,0.640471512770137,0.589390962671906,0.673870333988212,0.652606010405305,0,2.82708695722617,2.82708695722617
2067,"SSP126 GFDL",871.386012333,9.24500349423878,6524.39094468529,12.5223696183555,0.638506876227898,0.585461689587426,0.669941060903733,0.200587565119341,0,2.22520581140037,2.22520581140037
2068,"SSP126 GFDL",867.879088712309,8.40906617238616,6537.39990224001,11.489947877793,0.638506876227898,0.585461689587426,0.669941060903733,0.00764481765249646,0,2.16856258321148,2.16856258321148
2069,"SSP126 GFDL",831.601335942097,5.53317524023498,6603.77524824838,8.72130064164089,0.644400785854617,0.593320235756385,0.675834970530452,1.56166100219775,0,3.51513699426599,3.51513699426599
2070,"SSP126 GFDL",833.761950979961,5.63693253558095,6597.3336420266,8.71755734284213,0.640471512770137,0.591355599214145,0.673870333988212,1.15618436424474,0,3.03802659158098,3.03802659158098
2071,"SSP126 GFDL",873.174982990703,9.69475212842157,6519.10854465922,13.0441352071869,0.638506876227898,0.585461689587426,0.669941060903733,0.358825384102057,0,2.24141307045505,2.24141307045505
2072,"SSP126 GFDL",815.518836180888,5.13200352901204,6633.64624884448,8.81059267232647,0.644400785854617,0.597249508840864,0.679764243614931,2.48131456984387,0,4.48429720423553,4.48429720423553
2073,"SSP126 GFDL",857.073711794753,7.01882293035291,6550.89846527351,10.035137407334,0.640471512770137,0.587426326129666,0.669941060903733,0.125591826081263,0,2.36065571587193,2.36065571587193
2074,"SSP126 GFDL",845.266708919544,6.25382784796645,6575.57434990956,8.96606626857873,0.640471512770137,0.589390962671906,0.671905697445973,0.544760093657492,0,2.45575036893778,2.45575036893778
2075,"SSP126 GFDL",837.633798756387,5.99347625457556,6590.82912776603,8.957682076063,0.640471512770137,0.591355599214145,0.673870333988212,0.987780564341151,0,3.12385732341756,3.12385732341756
2076,"SSP126 GFDL",869.790238069562,9.77400627781909,6523.77227072501,12.9491887904824,0.638506876227898,0.585461689587426,0.669941060903733,0.280114736078532,0,2.31823345724459,2.31823345724459
2077,"SSP126 GFDL",852.562017827144,6.83285623654283,6562.71172371735,9.82493462505987,0.640471512770137,0.587426326129666,0.671905697445973,0.292054356223898,0,2.39264626902689,2.39264626902689
2078,"SSP126 GFDL",874.791697336347,10.1366703796273,6518.84745492398,13.674400040418,0.636542239685658,0.585461689587426,0.669941060903733,0.462956391864424,0,2.45812441885527,2.45812441885527
2079,"SSP126 GFDL",866.179358435359,8.58462722130627,6532.4379077032,11.5973082290995,0.638506876227898,0.585461689587426,0.669941060903733,0.0463674715750344,0,2.22182720870617,2.22182720870617
2080,"SSP126 GFDL",857.608629131688,7.24533971626089,6551.21347327355,10.132639570605,0.640471512770137,0.587426326129666,0.669941060903733,0.094791066865682,0,2.06152413763061,2.06152413763061
2081,"SSP126 GFDL",864.207643307537,7.71106656986738,6537.10056651675,10.6926467735723,0.640471512770137,0.585461689587426,0.669941060903733,0.000296111231503728,0,2.12956075326382,2.12956075326382
2082,"SSP126 GFDL",826.534849197338,5.31262576434983,6611.87337401972,9.39616810560191,0.644400785854617,0.595284872298625,0.677799607072692,1.86577523995833,0,4.01502187396041,4.01502187396041
2083,"SSP126 GFDL",848.121426855285,6.3636203353445,6569.88436348372,9.41162204862889,0.640471512770137,0.587426326129666,0.671905697445973,0.478270252485654,0,2.72605888150732,2.72605888150732
2084,"SSP126 GFDL",870.563337094963,8.58715141552017,6527.86497378439,11.6686304024918,0.638506876227898,0.585461689587426,0.669941060903733,0.0626060038651309,0,2.07253927638936,2.07253927638936
2085,"SSP126 GFDL",867.178129707876,8.74912718241873,6533.20344323279,11.585622606895,0.638506876227898,0.585461689587426,0.669941060903733,0.0285013008502661,0,2.10251731141332,2.10251731141332
2086,"SSP126 GFDL",856.221811153851,7.09619538268691,6554.87936722007,9.90460574375641,0.640471512770137,0.587426326129666,0.669941060903733,0.133967945467663,0,2.11372115625348,2.11372115625348
2087,"SSP126 GFDL",852.878050049927,6.58688988526427,6557.83687916322,9.52757589704633,0.640471512770137,0.587426326129666,0.671905697445973,0.210710286546934,0,2.31688933000387,2.31688933000387
2088,"SSP126 GFDL",828.589263987003,5.15163691885684,6606.28998961066,8.78098154371043,0.644400785854617,0.593320235756385,0.675834970530452,1.5908557527253,0,3.47762602247788,3.47762602247788
2089,"SSP126 GFDL",868.091017343334,8.53568424607099,6530.500788266,11.5201534282989,0.638506876227898,0.585461689587426,0.669941060903733,0.05692278793543,0,1.98998582772077,1.98998582772077
2090,"SSP126 GFDL",831.342853873301,5.37736882396888,6603.67140094447,8.85609412503893,0.640471512770137,0.591355599214145,0.673870333988212,1.31107497993489,0,3.21315675930108,3.21315675930108
2091,"SSP126 GFDL",875.533160236374,10.0030654882707,6516.08261546838,13.2958176337801,0.636542239685658,0.585461689587426,0.669941060903733,0.478913737448199,0,2.49580966454376,2.49580966454376
2092,"SSP126 GFDL",853.576514490523,6.53694864823066,6561.52148534549,9.46691321701693,0.640471512770137,0.587426326129666,0.671905697445973,0.255570381078616,0,2.2148582403525,2.2148582403525
2093,"SSP126 GFDL",800.52864029396,4.72171414494692,6660.86415458668,8.55857126209148,0.648330058939096,0.597249508840864,0.691552062868369,3.5250796237112,0,5.24151157424116,5.24151157424116
2094,"SSP126 GFDL",858.837972586087,7.36595314845744,6549.07933725146,10.4933133936283,0.640471512770137,0.587426326129666,0.669941060903733,0.0512990538089899,0,2.05373638511086,2.05373638511086
2020,"SSP585 GFDL",876.035107960134,11.7640411724791,6507.87487701732,15.7092509328304,0.636542239685658,0.585461689587426,0.667976424361493,1.25940692264822,0,3.01604891151952,3.01604891151952
2021,"SSP585 GFDL",863.236005695957,8.06445157035178,6544.382650335,11.283060708416,0.640471512770137,0.585461689587426,0.669941060903733,0.000831447460847584,0,1.83438858596202,1.83438858596202
2022,"SSP585 GFDL",837.000386288738,5.29959218039166,6591.82604272369,8.67450513979315,0.640471512770137,0.591355599214145,0.673870333988212,1.05833139044468,0,3.02702558161545,3.02702558161545
2023,"SSP585 GFDL",880.798756410016,11.9185589139712,6500.33600598374,15.8256150527007,0.636542239685658,0.585461689587426,0.667976424361493,1.71155514641403,0,3.53430262831258,3.53430262831258
2024,"SSP585 GFDL",877.927345363723,11.0089214001698,6510.44145257403,14.8284301685403,0.636542239685658,0.585461689587426,0.667976424361493,0.94300158135937,0,2.71416959298829,2.71416959298829
2025,"SSP585 GFDL",844.96085656478,6.10808188383351,6578.06485833038,9.01976247430199,0.640471512770137,0.589390962671906,0.673870333988212,0.671526631278781,0,2.80251010372626,2.80251010372626
2026,"SSP585 GFDL",820.393155524264,5.32295278238809,6627.18668831514,8.2797055531563,0.644400785854617,0.595284872298625,0.679764243614931,2.30154433808088,0,4.13603934537835,4.13603934537835
2027,"SSP585 GFDL",879.731364082484,10.7442379616046,6512.08226667732,14.0834483777978,0.636542239685658,0.585461689587426,0.667976424361493,0.771001836076855,0,2.83720817688276,2.83720817688276
2028,"SSP585 GFDL",841.299391082006,5.71835698460932,6584.18578894662,8.76211667937305,0.640471512770137,0.589390962671906,0.673870333988212,0.749912833102704,0,2.72105447488436,2.72105447488436
2029,"SSP585 GFDL",838.599470149953,5.47275449009433,6591.76186422421,8.58817595968568,0.640471512770137,0.591355599214145,0.673870333988212,1.08238907614519,0,3.10136521488524,3.10136521488524
2030,"SSP585 GFDL",860.392466050065,7.54261574213927,6546.59024224075,10.4309049938733,0.640471512770137,0.587426326129666,0.669941060903733,0.0323946552454941,0,2.14476448844601,2.14476448844601
2031,"SSP585 GFDL",848.551454351927,6.19013732947534,6568.83189854163,9.18463174882809,0.640471512770137,0.587426326129666,0.671905697445973,0.446647562897747,0,2.43983553601081,2.43983553601081
2032,"SSP585 GFDL",844.599166367008,6.18699491875165,6578.75424197404,9.00537367837379,0.640471512770137,0.589390962671906,0.673870333988212,0.749912833102704,0,2.92443751320442,2.92443751320442
2033,"SSP585 GFDL",857.760802274276,6.98732708608146,6555.99192223094,9.72717360983608,0.640471512770137,0.587426326129666,0.671905697445973,0.170176141343283,0,2.20807635056833,2.20807635056833
2034,"SSP585 GFDL",873.031065656698,9.77540780204608,6520.91851106025,13.1305511861667,0.638506876227898,0.585461689587426,0.669941060903733,0.33150701409554,0,2.34872258624832,2.34872258624832
2035,"SSP585 GFDL",873.75327603256,11.1098922343538,6512.08349022673,14.7666344756013,0.636542239685658,0.585461689587426,0.667976424361493,0.920555311783549,0,2.70321804593105,2.70321804593105
2036,"SSP585 GFDL",819.656319037995,5.30253777282818,6629.3146707059,8.53309989748576,0.644400785854617,0.595284872298625,0.679764243614931,2.33695764076748,0,4.2356900132961,4.2356900132961
2037,"SSP585 GFDL",813.024829116859,5.23942569963617,6638.29151307469,9.01431016668755,0.644400785854617,0.597249508840864,0.683693516699411,2.59242117089769,0,4.47737085236792,4.47737085236792
2038,"SSP585 GFDL",822.508637676629,5.68875051936304,6623.28647831721,9.43089322403179,0.644400785854617,0.595284872298625,0.677799607072692,2.09474233045436,0,4.24734994270416,4.24734994270416
2039,"SSP585 GFDL",869.590934269567,8.63936040824871,6531.7162225978,11.6462372759958,0.638506876227898,0.585461689587426,0.669941060903733,0.0368936425466464,0,2.0944001807891,2.0944001807891
2040,"SSP585 GFDL",836.412115189659,5.64650459056973,6593.92559600785,9.26342674767941,0.640471512770137,0.591355599214145,0.673870333988212,1.01102713454266,0,2.95264578188003,2.95264578188003
2041,"SSP585 GFDL",873.057019394478,10.1645765131498,6515.16865268909,13.5235459044826,0.636542239685658,0.585461689587426,0.667976424361493,0.545446838113317,0,2.37771074193462,2.37771074193462
2042,"SSP585 GFDL",862.43689300421,7.55493871258044,6544.2780214305,10.3969394573851,0.640471512770137,0.587426326129666,0.669941060903733,0.0245646869617579,0,2.0176063784362,2.0176063784362
2043,"SSP585 GFDL",843.145776773189,6.05671108246742,6575.90372835145,9.0180075556687,0.640471512770137,0.589390962671906,0.673870333988212,0.61557588415736,0,2.57871518050203,2.57871518050203
2044,"SSP585 GFDL",829.014710878255,5.3972474619111,6606.69897424782,9.22673740210258,0.644400785854617,0.593320235756385,0.675834970530452,1.6500563692794,0,3.8155277028564,3.8155277028564
2045,"SSP585 GFDL",858.407196872993,7.410620302262,6546.56668013623,10.40251041963,0.640471512770137,0.587426326129666,0.669941060903733,0.0283444851871251,0,1.99157531983332,1.99157531983332
2046,"SSP585 GFDL",863.183181174833,8.79523092932203,6534.49715358695,11.6291971384193,0.638506876227898,0.585461689587426,0.669941060903733,0.0325622857819552,0,2.11087277962296,2.11087277962296
2047,"SSP585 GFDL",868.662961834831,9.24269562989786,6530.0395862008,12.2752684200645,0.638506876227898,0.585461689587426,0.669941060903733,0.117805117290807,0,2.10489943305241,2.10489943305241
2048,"SSP585 GFDL",837.311565249895,5.63996567976353,6594.89567845613,8.54397069955894,0.640471512770137,0.591355599214145,0.673870333988212,1.20673308214278,0,3.2187938355961,3.2187938355961
2049,"SSP585 GFDL",828.539633211629,5.41997593661977,6606.22242695217,9.24564636087394,0.644400785854617,0.593320235756385,0.675834970530452,1.50408261664166,0,3.68233115170539,3.68233115170539
2050,"SSP585 GFDL",839.460023058494,5.97686217085275,6585.79509223375,8.95552596390194,0.640471512770137,0.591355599214145,0.673870333988212,0.919663084734642,0,2.9185901654452,2.9185901654452
2051,"SSP585 GFDL",859.869247566004,7.33879588972023,6545.56669941295,10.3696102089049,0.640471512770137,0.587426326129666,0.669941060903733,0.0567010830323686,0,2.33161912803644,2.33161912803644
2052,"SSP585 GFDL",864.176953865696,7.97586445120486,6537.42001332756,11.0551298944152,0.638506876227898,0.585461689587426,0.669941060903733,0.00167500757981361,0,1.91216220165385,1.91216220165385
2053,"SSP585 GFDL",869.644273554696,8.91886333216016,6530.86740705046,12.0874941318947,0.638506876227898,0.585461689587426,0.669941060903733,0.0812778826522449,0,2.10255365205648,2.10255365205648
2054,"SSP585 GFDL",847.354192561138,6.22511863130548,6574.86786104454,9.01680204043904,0.640471512770137,0.587426326129666,0.671905697445973,0.527732075615029,0,2.48746356792314,2.48746356792314
2055,"SSP585 GFDL",843.92336069997,5.89615150468755,6575.83678197333,9.33621086703123,0.640471512770137,0.589390962671906,0.673870333988212,0.671526631278781,0,2.88782834248373,2.88782834248373
2056,"SSP585 GFDL",869.068655146319,9.59731981634227,6525.66017872835,12.7019144704827,0.638506876227898,0.585461689587426,0.669941060903733,0.267942596156784,0,2.29523816382268,2.29523816382268
2057,"SSP585 GFDL",856.577649707741,7.43694603069972,6555.70269939466,10.1648413608601,0.640471512770137,0.587426326129666,0.669941060903733,0.109650702807469,0,2.12674155296458,2.12674155296458
2058,"SSP585 GFDL",862.684447595927,8.21134200041185,6542.55701816631,11.5727797789174,0.640471512770137,0.585461689587426,0.669941060903733,0.000312333541483835,0,1.6936533436031,1.6936533436031
2059,"SSP585 GFDL",839.923851550532,6.12175533144242,6582.75523485023,9.86364996345308,0.640471512770137,0.591355599214145,0.673870333988212,0.875603290828646,0,3.17313576502385,3.17313576502385
2060,"SSP585 GFDL",858.031470299619,7.10612315908762,6550.03889210373,10.0897545249342,0.640471512770137,0.587426326129666,0.669941060903733,0.109650702807469,0,2.27835419585783,2.27835419585783
2061,"SSP585 GFDL",776.505429857265,6.86189851428218,6699.20091258041,8.54761522025633,0.669941060903733,0.583497053045187,0.746561886051081,5.11306532535482,0,7.03348668090152,7.03348668090152
2062,"SSP585 GFDL",862.261518603611,7.58726375747981,6542.34988389095,10.4742965506935,0.640471512770137,0.587426326129666,0.669941060903733,0.0283444851871251,0,2.23634127360218,2.23634127360218
2063,"SSP585 GFDL",843.503838229103,5.84432539082803,6583.2698451321,8.82136730614875,0.640471512770137,0.589390962671906,0.673870333988212,0.690717623985259,0,2.58493591996707,2.58493591996707
2064,"SSP585 GFDL",829.576216487335,5.33817397681567,6610.20637892466,9.23403572942051,0.644400785854617,0.593320235756385,0.675834970530452,1.56166100219775,0,3.51047128475065,3.51047128475065
2065,"SSP585 GFDL",827.261667338197,5.98693118650322,6606.36230158588,9.1044149707916,0.642436149312377,0.591355599214145,0.675834970530452,1.41974282705503,0,3.51615393491516,3.51615393491516
2066,"SSP585 GFDL",841.734842027123,6.07626919927741,6583.08586710443,9.14064960627895,0.640471512770137,0.589390962671906,0.673870333988212,0.749912833102704,0,2.82472242854164,2.82472242854164
2067,"SSP585 GFDL",809.469101239788,4.88380072030957,6646.50090841537,9.31071009472262,0.646365422396857,0.595284872298625,0.68762278978389,2.90060180102662,0,5.03104363447625,5.03104363447625
2068,"SSP585 GFDL",822.890667741395,5.36604212482383,6616.97394222374,9.41852270670798,0.644400785854617,0.595284872298625,0.677799607072692,1.86577523995833,0,4.10264893548267,4.10264893548267
2069,"SSP585 GFDL",841.351901018287,5.9469677787431,6583.23983708263,8.98070389082262,0.640471512770137,0.591355599214145,0.673870333988212,0.853978951625151,0,3.04465436093513,3.04465436093513
2070,"SSP585 GFDL",775.943483693814,7.83539432500821,6703.05712233824,11.0534008740673,0.669941060903733,0.585461689587426,0.742632612966601,5.0606185971891,0,7.5131820000502,7.5131820000502
2071,"SSP585 GFDL",835.668172571225,6.22344292589045,6594.32988589266,9.21524049473161,0.640471512770137,0.591355599214145,0.673870333988212,1.13131556304522,0,3.39210845181546,3.39210845181546
2072,"SSP585 GFDL",862.086733920568,7.74656849533871,6542.96974583239,10.6269871623384,0.640471512770137,0.585461689587426,0.669941060903733,0.00756370610259593,0,2.16393586455421,2.16393586455421
2073,"SSP585 GFDL",812.507349234594,5.11431484950987,6642.73626850509,9.35976326075142,0.646365422396857,0.595284872298625,0.68565815324165,2.78300627598076,0,4.86453987613915,4.86453987613915
2074,"SSP585 GFDL",820.080856356276,6.95891296613595,6628.24042398427,10.447317836048,0.644400785854617,0.595284872298625,0.679764243614931,2.26640140722729,0,4.64582699289037,4.64582699289037
2075,"SSP585 GFDL",771.96774246319,8.09836898496359,6705.1957480482,10.3514790656971,0.669941060903733,0.577603143418468,0.74852652259332,5.16578242535354,0,7.30506769922593,7.30506769922593
2076,"SSP585 GFDL",829.003328251932,5.30035194077205,6608.95600119114,8.41425023347889,0.644400785854617,0.593320235756385,0.675834970530452,1.5908557527253,0,3.52072883384106,3.52072883384106
2077,"SSP585 GFDL",826.0944774884,5.54035153665711,6614.14137623588,9.37559521576954,0.644400785854617,0.593320235756385,0.677799607072692,1.77170206438364,0,3.85723598798467,3.85723598798467
2078,"SSP585 GFDL",799.65701816287,5.69205403810405,6662.49146130245,9.93416305883279,0.648330058939096,0.597249508840864,0.695481335952849,3.56887445322086,0,5.67974880284077,5.67974880284077
2079,"SSP585 GFDL",776.250302567888,7.1326249446517,6698.79818405042,10.4968632532746,0.666011787819253,0.585461689587426,0.738703339882122,4.95653625635668,0,6.95964018176839,6.95964018176839
2080,"SSP585 GFDL",831.413279454945,5.58259192796011,6603.45658719368,8.46437455409756,0.640471512770137,0.591355599214145,0.673870333988212,1.36486815982896,0,3.3550580243648,3.3550580243648
2081,"SSP585 GFDL",828.850434964754,5.40828150373288,6608.95325996377,8.71002992955164,0.644400785854617,0.593320235756385,0.675834970530452,1.56166100219775,0,3.58936985140431,3.58936985140431
2082,"SSP585 GFDL",840.736811438556,6.09102995173021,6585.1995603139,8.90922428120968,0.640471512770137,0.591355599214145,0.673870333988212,0.897498001865144,0,3.11676665921695,3.11676665921695
2083,"SSP585 GFDL",804.503056952469,5.38706109682694,6656.84415545545,9.07555851130964,0.646365422396857,0.597249508840864,0.68762278978389,3.3526040240026,0,5.39858692226974,5.39858692226974
2084,"SSP585 GFDL",811.085226629363,5.11699727026747,6638.26120507671,9.42358031534335,0.646365422396857,0.595284872298625,0.68565815324165,2.78300627598076,0,4.89490947851747,4.89490947851747
2085,"SSP585 GFDL",796.132962285486,5.76946567188383,6670.72575785843,9.38401864056146,0.648330058939096,0.597249508840864,0.699410609037328,3.97519465129283,0,5.97773028123728,5.97773028123728
2086,"SSP585 GFDL",798.289567506416,5.89973850198055,6665.03352495306,10.8596690561718,0.648330058939096,0.597249508840864,0.697445972495088,3.70188117274783,0,6.16917149888085,6.16917149888085
2087,"SSP585 GFDL",805.854971017651,5.52613318915715,6648.87116404861,10.2591260087396,0.646365422396857,0.597249508840864,0.68762278978389,3.06118104008313,0,5.26136208598781,5.26136208598781
2088,"SSP585 GFDL",810.29286209022,5.82263755624697,6647.53215707104,9.96919790802154,0.646365422396857,0.595284872298625,0.68565815324165,2.82193441249638,0,4.67060743407845,4.67060743407845
2089,"SSP585 GFDL",752.843381500971,11.0392733875742,6731.06890883952,9.23900401433768,0.768172888015717,0.416502946954813,0.923379174852652,6.27690251025831,0,8.13280800500562,8.13280800500562
2090,"SSP585 GFDL",789.432356029626,5.80560640277066,6679.31678587738,9.20053303022458,0.652259332023576,0.597249508840864,0.703339882121807,4.21039110882122,0,6.14179683115097,6.14179683115097
2091,"SSP585 GFDL",793.085740837547,5.93270015098215,6672.12631345697,10.3458863587595,0.648330058939096,0.597249508840864,0.699410609037328,3.97519465129283,0,6.12116809220965,6.12116809220965
2092,"SSP585 GFDL",784.674504610498,7.21809041541257,6687.74827955099,10.9709760028691,0.654223968565815,0.595284872298625,0.711198428290766,4.40341496783797,0,6.509140877741,6.509140877741
2093,"SSP585 GFDL",805.428148129228,5.62099226149958,6654.28433850307,10.651749421398,0.646365422396857,0.597249508840864,0.68762278978389,3.26798845514632,0,5.66915731658908,5.66915731658908
2094,"SSP585 GFDL",820.858831047201,6.14392524183301,6622.39568205128,9.34876874653708,0.644400785854617,0.595284872298625,0.677799607072692,1.99499134638662,0,4.14614889789916,4.14614889789916
